Workbook

Sheet Unified KPI
A1: WR — Kavach Unified KPI
A2: Period: 21 Jun - 27 Jun 2026 · all locomotives · one combined row
A4: Month | B4: Zone | C4: Section | D4: No Of Trips | E4: Total KMs Run On Kavach | F4: Availability (FS+OS) | G4: Total EB | H4: EB (Valid Trips) | I4: EB (Non-Valid Trips) | J4: EB per Trip | K4: EB per KM | L4: EB per 100 KM | M4: EB per Trip per 1000 KM | N4: Total Mode Degradation | O4: Mode Degradation per Trip | P4: Mode Degradation per KM | Q4: Mode Degradation per Trip per 100 KM | R4: Mode Degradation per 100 KM | S4: Undesirable EB | T4: UNIFIED KPI
A5: 21 Jun - 27 Jun 2026 | B5: WR | C5: 24000_ADI - 24223 (WR03, BRC excluded) | D5: ='Daily Breakdown'!C302 | E5: ='Daily Breakdown'!D302 | F5: ='Daily Breakdown'!G302 | G5: ='Daily Breakdown'!H302 | H5: ='Daily Breakdown'!I302 | I5: ='Daily Breakdown'!J302 | J5: =IFERROR(G5/D5,0) | K5: =IFERROR(G5/E5,0) | L5: =IFERROR(G5/E5*100,0) | M5: =IFERROR(G5/(D5*E5/1000),0) | N5: ='Daily Breakdown'!K302 | O5: =IFERROR(N5/D5,0) | P5: =IFERROR(N5/E5,0) | Q5: =IFERROR(N5/(D5*E5/100),0) | R5: =IFERROR(N5/E5*100,0) | S5: 19 | T5: =ROUND(F5*(1-M5)*(1-Q5),2)

Sheet Daily Breakdown
A1: Daily Breakdown — by day and locomotive (all locos)
A2: Availability base excludes locos with FS+OS pkts = 0 (they are still listed; only the Total-pkts availability base drops them).
A3: Date | B3: Loco ID | C3: No of Trips | D3: Total KMs | E3: FS+OS pkts | F3: Total pkts | G3: Availability (FS+OS) | H3: Total EB | I3: EB (Valid) | J3: EB (Non-Valid) | K3: Mode Degradation
A4: 21 Jun | B4: 37503 | C4: 2 | D4: 93.9 | E4: 8148 | F4: 9704 | G4: =IF(F4=0,0,E4/F4*100) | H4: 0 | I4: 0 | J4: 0 | K4: 7
A5: 21 Jun | B5: 37793 | C5: 1 | D5: 93.87 | E5: 8258 | F5: 9173 | G5: =IF(F5=0,0,E5/F5*100) | H5: 0 | I5: 0 | J5: 0 | K5: 8
A6: 21 Jun | B6: 37275 | C6: 1 | D6: 93.32 | E6: 7834 | F6: 8155 | G6: =IF(F6=0,0,E6/F6*100) | H6: 0 | I6: 0 | J6: 0 | K6: 8
A7: 21 Jun | B7: 37818 | C7: 1 | D7: 93.32 | E7: 7326 | F7: 7599 | G7: =IF(F7=0,0,E7/F7*100) | H7: 0 | I7: 0 | J7: 0 | K7: 5
A8: 21 Jun | B8: 39311 | C8: 1 | D8: 91.7 | E8: 6904 | F8: 7235 | G8: =IF(F8=0,0,E8/F8*100) | H8: 0 | I8: 0 | J8: 0 | K8: 3
A9: 21 Jun | B9: 39287 | C9: 1 | D9: 93.91 | E9: 6603 | F9: 7027 | G9: =IF(F9=0,0,E9/F9*100) | H9: 0 | I9: 0 | J9: 0 | K9: 6
A10: 21 Jun | B10: 30065 | C10: 1 | D10: 90.88 | E10: 6562 | F10: 6914 | G10: =IF(F10=0,0,E10/F10*100) | H10: 0 | I10: 0 | J10: 0 | K10: 2
A11: 21 Jun | B11: 30814 | C11: 1 | D11: 93.91 | E11: 5582 | F11: 6772 | G11: =IF(F11=0,0,E11/F11*100) | H11: 0 | I11: 0 | J11: 0 | K11: 3
A12: 21 Jun | B12: 30476 | C12: 1 | D12: 93.89 | E12: 4572 | F12: 6670 | G12: =IF(F12=0,0,E12/F12*100) | H12: 0 | I12: 0 | J12: 0 | K12: 5
A13: 21 Jun | B13: 33715 | C13: 1 | D13: 93.86 | E13: 5255 | F13: 5912 | G13: =IF(F13=0,0,E13/F13*100) | H13: 0 | I13: 0 | J13: 0 | K13: 2
A14: 21 Jun | B14: 30791 | C14: 1 | D14: 93.91 | E14: 4000 | F14: 5560 | G14: =IF(F14=0,0,E14/F14*100) | H14: 0 | I14: 0 | J14: 0 | K14: 4
A15: 21 Jun | B15: 37074 | C15: 1 | D15: 93.31 | E15: 5414 | F15: 5540 | G15: =IF(F15=0,0,E15/F15*100) | H15: 0 | I15: 0 | J15: 0 | K15: 1
... A46: 21 Jun | B46: 30176 | C46: 0 | D46: 59.67 | E46: 0 | F46: 28 | G46: =IF(F46=0,0,E46/F46*100) | H46: 0 | I46: 0 | J46: 0 | K46: 0
A47: 21 Jun | B47: Day Total | C47: =SUM(C4:C46) | D47: =SUM(D4:D46) | E47: =SUM(E4:E46) | F47: =SUMIF(E4:E46,">0",F4:F46) | G47: =IF(F47=0,0,E47/F47*100) | H47: =SUM(H4:H46) | I47: =SUM(I4:I46) | J47: =SUM(J4:J46) | K47: =SUM(K4:K46)
A48: 22 Jun | B48: 33715 | C48: 2 | D48: 93.91 | E48: 9893 | F48: 12469 | G48: =IF(F48=0,0,E48/F48*100) | H48: 0 | I48: 0 | J48: 0 | K48: 4
A49: 22 Jun | B49: 37287 | C49: 1 | D49: 93.9 | E49: 6006 | F49: 7013 | G49: =IF(F49=0,0,E49/F49*100) | H49: 1 | I49: 1 | J49: 0 | K49: 3
A50: 22 Jun | B50: 37793 | C50: 1 | D50: 93.91 | E50: 5176 | F50: 6748 | G50: =IF(F50=0,0,E50/F50*100) | H50: 0 | I50: 0 | J50: 0 | K50: 2
A51: 22 Jun | B51: 37337 | C51: 1 | D51: 93.9 | E51: 5136 | F51: 6420 | G51: =IF(F51=0,0,E51/F51*100) | H51: 0 | I51: 0 | J51: 0 | K51: 4
A52: 22 Jun | B52: 37887 | C52: 1 | D52: 93.91 | E52: 5506 | F52: 6274 | G52: =IF(F52=0,0,E52/F52*100) | H52: 0 | I52: 0 | J52: 0 | K52: 3
A53: 22 Jun | B53: 37163 | C53: 1 | D53: 93.91 | E53: 4315 | F53: 5917 | G53: =IF(F53=0,0,E53/F53*100) | H53: 0 | I53: 0 | J53: 0 | K53: 5
A54: 22 Jun | B54: 30507 | C54: 1 | D54: 93.91 | E54: 5495 | F54: 5846 | G54: =IF(F54=0,0,E54/F54*100) | H54: 0 | I54: 0 | J54: 0 | K54: 3
A55: 22 Jun | B55: 30476 | C55: 1 | D55: 93.91 | E55: 5236 | F55: 5790 | G55: =IF(F55=0,0,E55/F55*100) | H55: 0 | I55: 0 | J55: 0 | K55: 2
A56: 22 Jun | B56: 30167 | C56: 1 | D56: 93.89 | E56: 4658 | F56: 5218 | G56: =IF(F56=0,0,E56/F56*100) | H56: 0 | I56: 0 | J56: 0 | K56: 2
A57: 22 Jun | B57: 37453 | C57: 1 | D57: 93.9 | E57: 3995 | F57: 5204 | G57: =IF(F57=0,0,E57/F57*100) | H57: 0 | I57: 0 | J57: 0 | K57: 4
A58: 22 Jun | B58: 37020 | C58: 1 | D58: 93.88 | E58: 4374 | F58: 5055 | G58: =IF(F58=0,0,E58/F58*100) | H58: 0 | I58: 0 | J58: 0 | K58: 2
A59: 22 Jun | B59: 30770 | C59: 1 | D59: 93.87 | E59: 4128 | F59: 4784 | G59: =IF(F59=0,0,E59/F59*100) | H59: 0 | I59: 0 | J59: 0 | K59: 2
... A89: 22 Jun | B89: 39405 | C89: 0 | D89: 35.76 | E89: 0 | F89: 975 | G89: =IF(F89=0,0,E89/F89*100) | H89: 0 | I89: 0 | J89: 0 | K89: 0
A90: 22 Jun | B90: Day Total | C90: =SUM(C48:C89) | D90: =SUM(D48:D89) | E90: =SUM(E48:E89) | F90: =SUMIF(E48:E89,">0",F48:F89) | G90: =IF(F90=0,0,E90/F90*100) | H90: =SUM(H48:H89) | I90: =SUM(I48:I89) | J90: =SUM(J48:J89) | K90: =SUM(K48:K89)
A91: 23 Jun | B91: 30533 | C91: 2 | D91: 93.32 | E91: 12715 | F91: 13088 | G91: =IF(F91=0,0,E91/F91*100) | H91: 0 | I91: 0 | J91: 0 | K91: 6
A92: 23 Jun | B92: 37350 | C92: 2 | D92: 93.91 | E92: 8191 | F92: 10495 | G92: =IF(F92=0,0,E92/F92*100) | H92: 0 | I92: 0 | J92: 0 | K92: 6
A93: 23 Jun | B93: 37793 | C93: 2 | D93: 93.91 | E93: 7550 | F93: 8860 | G93: =IF(F93=0,0,E93/F93*100) | H93: 0 | I93: 0 | J93: 0 | K93: 4
A94: 23 Jun | B94: 39467 | C94: 1 | D94: 93.89 | E94: 7235 | F94: 9188 | G94: =IF(F94=0,0,E94/F94*100) | H94: 1 | I94: 1 | J94: 0 | K94: 4
A95: 23 Jun | B95: 30507 | C95: 1 | D95: 93.91 | E95: 7643 | F95: 8298 | G95: =IF(F95=0,0,E95/F95*100) | H95: 1 | I95: 1 | J95: 0 | K95: 5
A96: 23 Jun | B96: 37780 | C96: 1 | D96: 93.88 | E96: 7216 | F96: 7806 | G96: =IF(F96=0,0,E96/F96*100) | H96: 0 | I96: 0 | J96: 0 | K96: 6
A97: 23 Jun | B97: 37131 | C97: 1 | D97: 93.86 | E97: 6181 | F97: 6828 | G97: =IF(F97=0,0,E97/F97*100) | H97: 1 | I97: 1 | J97: 0 | K97: 2
A98: 23 Jun | B98: 39466 | C98: 1 | D98: 93.9 | E98: 4949 | F98: 6478 | G98: =IF(F98=0,0,E98/F98*100) | H98: 0 | I98: 0 | J98: 0 | K98: 3
A99: 23 Jun | B99: 37339 | C99: 1 | D99: 93.87 | E99: 5488 | F99: 6357 | G99: =IF(F99=0,0,E99/F99*100) | H99: 0 | I99: 0 | J99: 0 | K99: 2
A100: 23 Jun | B100: 30606 | C100: 1 | D100: 93.91 | E100: 4771 | F100: 5832 | G100: =IF(F100=0,0,E100/F100*100) | H100: 0 | I100: 0 | J100: 0 | K100: 6
A101: 23 Jun | B101: 37947 | C101: 1 | D101: 93.83 | E101: 5161 | F101: 5807 | G101: =IF(F101=0,0,E101/F101*100) | H101: 0 | I101: 0 | J101: 0 | K101: 2
A102: 23 Jun | B102: 30476 | C102: 1 | D102: 93.91 | E102: 4868 | F102: 5624 | G102: =IF(F102=0,0,E102/F102*100) | H102: 0 | I102: 0 | J102: 0 | K102: 4
... A134: 23 Jun | B134: 37111 | C134: 0 | D134: 1.98 | E134: 54 | F134: 799 | G134: =IF(F134=0,0,E134/F134*100) | H134: 0 | I134: 0 | J134: 0 | K134: 0
A135: 23 Jun | B135: Day Total | C135: =SUM(C91:C134) | D135: =SUM(D91:D134) | E135: =SUM(E91:E134) | F135: =SUMIF(E91:E134,">0",F91:F134) | G135: =IF(F135=0,0,E135/F135*100) | H135: =SUM(H91:H134) | I135: =SUM(I91:I134) | J135: =SUM(J91:J134) | K135: =SUM(K91:K134)
A136: 24 Jun | B136: 39466 | C136: 2 | D136: 93.9 | E136: 7951 | F136: 9104 | G136: =IF(F136=0,0,E136/F136*100) | H136: 0 | I136: 0 | J136: 0 | K136: 5
A137: 24 Jun | B137: 37504 | C137: 2 | D137: 93.91 | E137: 7209 | F137: 8737 | G137: =IF(F137=0,0,E137/F137*100) | H137: 0 | I137: 0 | J137: 0 | K137: 7
A138: 24 Jun | B138: 30507 | C138: 2 | D138: 91.72 | E138: 7741 | F138: 7891 | G138: =IF(F138=0,0,E138/F138*100) | H138: 0 | I138: 0 | J138: 0 | K138: 7
A139: 24 Jun | B139: 37086 | C139: 1 | D139: 93.32 | E139: 7333 | F139: 7708 | G139: =IF(F139=0,0,E139/F139*100) | H139: 0 | I139: 0 | J139: 0 | K139: 3
A140: 24 Jun | B140: 39150 | C140: 1 | D140: 93.87 | E140: 5849 | F140: 7270 | G140: =IF(F140=0,0,E140/F140*100) | H140: 0 | I140: 0 | J140: 0 | K140: 3
A141: 24 Jun | B141: 30173 | C141: 1 | D141: 90.89 | E141: 6544 | F141: 6899 | G141: =IF(F141=0,0,E141/F141*100) | H141: 0 | I141: 0 | J141: 0 | K141: 2
A142: 24 Jun | B142: 30814 | C142: 1 | D142: 93.89 | E142: 5056 | F142: 6148 | G142: =IF(F142=0,0,E142/F142*100) | H142: 0 | I142: 0 | J142: 0 | K142: 4
A143: 24 Jun | B143: 39030 | C143: 1 | D143: 93.91 | E143: 5053 | F143: 6133 | G143: =IF(F143=0,0,E143/F143*100) | H143: 1 | I143: 1 | J143: 0 | K143: 5
A144: 24 Jun | B144: 37399 | C144: 1 | D144: 93.31 | E144: 5796 | F144: 5855 | G144: =IF(F144=0,0,E144/F144*100) | H144: 0 | I144: 0 | J144: 0 | K144: 3
A145: 24 Jun | B145: 39488 | C145: 1 | D145: 93.31 | E145: 5570 | F145: 5839 | G145: =IF(F145=0,0,E145/F145*100) | H145: 0 | I145: 0 | J145: 0 | K145: 3
A146: 24 Jun | B146: 41643 | C146: 1 | D146: 93.84 | E146: 3542 | F146: 5821 | G146: =IF(F146=0,0,E146/F146*100) | H146: 0 | I146: 0 | J146: 0 | K146: 27
A147: 24 Jun | B147: 30770 | C147: 1 | D147: 93.91 | E147: 4885 | F147: 5778 | G147: =IF(F147=0,0,E147/F147*100) | H147: 0 | I147: 0 | J147: 0 | K147: 6
... A173: 24 Jun | B173: 37781 | C173: 0 | D173: 30.97 | E173: 0 | F173: 16 | G173: =IF(F173=0,0,E173/F173*100) | H173: 0 | I173: 0 | J173: 0 | K173: 0
A174: 24 Jun | B174: Day Total | C174: =SUM(C136:C173) | D174: =SUM(D136:D173) | E174: =SUM(E136:E173) | F174: =SUMIF(E136:E173,">0",F136:F173) | G174: =IF(F174=0,0,E174/F174*100) | H174: =SUM(H136:H173) | I174: =SUM(I136:I173) | J174: =SUM(J136:J173) | K174: =SUM(K136:K173)
A175: 25 Jun | B175: 37633 | C175: 2 | D175: 93.91 | E175: 7272 | F175: 8545 | G175: =IF(F175=0,0,E175/F175*100) | H175: 0 | I175: 0 | J175: 0 | K175: 6
A176: 25 Jun | B176: 37793 | C176: 1 | D176: 93.9 | E176: 8679 | F176: 9732 | G176: =IF(F176=0,0,E176/F176*100) | H176: 0 | I176: 0 | J176: 0 | K176: 5
A177: 25 Jun | B177: 37884 | C177: 1 | D177: 93.87 | E177: 6494 | F177: 7299 | G177: =IF(F177=0,0,E177/F177*100) | H177: 0 | I177: 0 | J177: 0 | K177: 8
A178: 25 Jun | B178: 37504 | C178: 1 | D178: 93.91 | E178: 4362 | F178: 6463 | G178: =IF(F178=0,0,E178/F178*100) | H178: 0 | I178: 0 | J178: 0 | K178: 4
A179: 25 Jun | B179: 39030 | C179: 1 | D179: 93.87 | E179: 4409 | F179: 5823 | G179: =IF(F179=0,0,E179/F179*100) | H179: 0 | I179: 0 | J179: 0 | K179: 2
A180: 25 Jun | B180: 37350 | C180: 1 | D180: 93.88 | E180: 4573 | F180: 5611 | G180: =IF(F180=0,0,E180/F180*100) | H180: 0 | I180: 0 | J180: 0 | K180: 2
A181: 25 Jun | B181: 37887 | C181: 1 | D181: 93.9 | E181: 4442 | F181: 5501 | G181: =IF(F181=0,0,E181/F181*100) | H181: 0 | I181: 0 | J181: 0 | K181: 4
A182: 25 Jun | B182: 39257 | C182: 1 | D182: 93.91 | E182: 5101 | F182: 5496 | G182: =IF(F182=0,0,E182/F182*100) | H182: 0 | I182: 0 | J182: 0 | K182: 2
A183: 25 Jun | B183: 45027 | C183: 1 | D183: 93.33 | E183: 5331 | F183: 5483 | G183: =IF(F183=0,0,E183/F183*100) | H183: 0 | I183: 0 | J183: 0 | K183: 4
A184: 25 Jun | B184: 39465 | C184: 1 | D184: 91.72 | E184: 5346 | F184: 5429 | G184: =IF(F184=0,0,E184/F184*100) | H184: 0 | I184: 0 | J184: 0 | K184: 2
A185: 25 Jun | B185: 37321 | C185: 1 | D185: 93.88 | E185: 4680 | F185: 5342 | G185: =IF(F185=0,0,E185/F185*100) | H185: 0 | I185: 0 | J185: 0 | K185: 4
A186: 25 Jun | B186: 39248 | C186: 1 | D186: 93.89 | E186: 4504 | F186: 5194 | G186: =IF(F186=0,0,E186/F186*100) | H186: 0 | I186: 0 | J186: 0 | K186: 4
... A211: 25 Jun | B211: 37322 | C211: 0 | D211: 30.32 | E211: 513 | F211: 1018 | G211: =IF(F211=0,0,E211/F211*100) | H211: 0 | I211: 0 | J211: 0 | K211: 1
A212: 25 Jun | B212: Day Total | C212: =SUM(C175:C211) | D212: =SUM(D175:D211) | E212: =SUM(E175:E211) | F212: =SUMIF(E175:E211,">0",F175:F211) | G212: =IF(F212=0,0,E212/F212*100) | H212: =SUM(H175:H211) | I212: =SUM(I175:I211) | J212: =SUM(J175:J211) | K212: =SUM(K175:K211)
A213: 26 Jun | B213: 30814 | C213: 2 | D213: 93.91 | E213: 7890 | F213: 9576 | G213: =IF(F213=0,0,E213/F213*100) | H213: 0 | I213: 0 | J213: 0 | K213: 8
A214: 26 Jun | B214: 39287 | C214: 2 | D214: 93.89 | E214: 8106 | F214: 9117 | G214: =IF(F214=0,0,E214/F214*100) | H214: 0 | I214: 0 | J214: 0 | K214: 5
A215: 26 Jun | B215: 37633 | C215: 2 | D215: 93.9 | E215: 7469 | F215: 8468 | G215: =IF(F215=0,0,E215/F215*100) | H215: 0 | I215: 0 | J215: 0 | K215: 6
A216: 26 Jun | B216: 37020 | C216: 1 | D216: 93.91 | E216: 7899 | F216: 9699 | G216: =IF(F216=0,0,E216/F216*100) | H216: 1 | I216: 1 | J216: 0 | K216: 5
A217: 26 Jun | B217: 37579 | C217: 1 | D217: 93.91 | E217: 7176 | F217: 8820 | G217: =IF(F217=0,0,E217/F217*100) | H217: 0 | I217: 0 | J217: 0 | K217: 7
A218: 26 Jun | B218: 30606 | C218: 1 | D218: 93.91 | E218: 7170 | F218: 8758 | G218: =IF(F218=0,0,E218/F218*100) | H218: 0 | I218: 0 | J218: 0 | K218: 2
A219: 26 Jun | B219: 37884 | C219: 1 | D219: 93.91 | E219: 6141 | F219: 7889 | G219: =IF(F219=0,0,E219/F219*100) | H219: 0 | I219: 0 | J219: 0 | K219: 3
A220: 26 Jun | B220: 39028 | C220: 1 | D220: 93.9 | E220: 5700 | F220: 7103 | G220: =IF(F220=0,0,E220/F220*100) | H220: 0 | I220: 0 | J220: 0 | K220: 3
A221: 26 Jun | B221: 30533 | C221: 1 | D221: 93.31 | E221: 6637 | F221: 6904 | G221: =IF(F221=0,0,E221/F221*100) | H221: 0 | I221: 0 | J221: 0 | K221: 3
A222: 26 Jun | B222: 37887 | C222: 1 | D222: 93.88 | E222: 5623 | F222: 6553 | G222: =IF(F222=0,0,E222/F222*100) | H222: 1 | I222: 1 | J222: 0 | K222: 2
A223: 26 Jun | B223: 39259 | C223: 1 | D223: 90.89 | E223: 6054 | F223: 6254 | G223: =IF(F223=0,0,E223/F223*100) | H223: 0 | I223: 0 | J223: 0 | K223: 3
A224: 26 Jun | B224: 37399 | C224: 1 | D224: 93.31 | E224: 5842 | F224: 6118 | G224: =IF(F224=0,0,E224/F224*100) | H224: 0 | I224: 0 | J224: 0 | K224: 3
... A257: 26 Jun | B257: 37339 | C257: 0 | D257: 1.98 | E257: 112 | F257: 968 | G257: =IF(F257=0,0,E257/F257*100) | H257: 0 | I257: 0 | J257: 0 | K257: 0
A258: 26 Jun | B258: Day Total | C258: =SUM(C213:C257) | D258: =SUM(D213:D257) | E258: =SUM(E213:E257) | F258: =SUMIF(E213:E257,">0",F213:F257) | G258: =IF(F258=0,0,E258/F258*100) | H258: =SUM(H213:H257) | I258: =SUM(I213:I257) | J258: =SUM(J213:J257) | K258: =SUM(K213:K257)
A259: 27 Jun | B259: 30581 | C259: 2 | D259: 92.19 | E259: 14002 | F259: 15321 | G259: =IF(F259=0,0,E259/F259*100) | H259: 3 | I259: 3 | J259: 0 | K259: 6
A260: 27 Jun | B260: 37110 | C260: 2 | D260: 93.9 | E260: 8350 | F260: 9835 | G260: =IF(F260=0,0,E260/F260*100) | H260: 0 | I260: 0 | J260: 0 | K260: 6
A261: 27 Jun | B261: 39015 | C261: 2 | D261: 93.91 | E261: 8105 | F261: 9683 | G261: =IF(F261=0,0,E261/F261*100) | H261: 0 | I261: 0 | J261: 0 | K261: 8
A262: 27 Jun | B262: 37934 | C262: 1 | D262: 93.32 | E262: 7136 | F262: 7374 | G262: =IF(F262=0,0,E262/F262*100) | H262: 0 | I262: 0 | J262: 0 | K262: 4
A263: 27 Jun | B263: 39244 | C263: 1 | D263: 93.32 | E263: 6553 | F263: 6892 | G263: =IF(F263=0,0,E263/F263*100) | H263: 0 | I263: 0 | J263: 0 | K263: 4
A264: 27 Jun | B264: 37684 | C264: 1 | D264: 93.91 | E264: 5468 | F264: 6786 | G264: =IF(F264=0,0,E264/F264*100) | H264: 0 | I264: 0 | J264: 0 | K264: 4
A265: 27 Jun | B265: 30480 | C265: 1 | D265: 93.9 | E265: 6110 | F265: 6775 | G265: =IF(F265=0,0,E265/F265*100) | H265: 0 | I265: 0 | J265: 0 | K265: 2
A266: 27 Jun | B266: 37839 | C266: 1 | D266: 93.91 | E266: 5255 | F266: 6708 | G266: =IF(F266=0,0,E266/F266*100) | H266: 0 | I266: 0 | J266: 0 | K266: 4
A267: 27 Jun | B267: 30767 | C267: 1 | D267: 93.91 | E267: 5389 | F267: 6457 | G267: =IF(F267=0,0,E267/F267*100) | H267: 0 | I267: 0 | J267: 0 | K267: 4
A268: 27 Jun | B268: 39030 | C268: 1 | D268: 93.91 | E268: 4875 | F268: 5686 | G268: =IF(F268=0,0,E268/F268*100) | H268: 0 | I268: 0 | J268: 0 | K268: 4
A269: 27 Jun | B269: 37505 | C269: 1 | D269: 93.89 | E269: 4068 | F269: 5576 | G269: =IF(F269=0,0,E269/F269*100) | H269: 0 | I269: 0 | J269: 0 | K269: 2
A270: 27 Jun | B270: 37086 | C270: 1 | D270: 93.9 | E270: 4733 | F270: 5531 | G270: =IF(F270=0,0,E270/F270*100) | H270: 0 | I270: 0 | J270: 0 | K270: 1
... A300: 27 Jun | B300: 96523 | C300: 0 | D300: 0.36 | E300: 33 | F300: 33 | G300: =IF(F300=0,0,E300/F300*100) | H300: 0 | I300: 0 | J300: 0 | K300: 0
...

Sheet EB Detail
A1: EB Detail — every Emergency-Brake event, with speed / MA / Emergency diagnostics + undesirable classification
A3: Total EB = 19 · Valid trips = 13 · Non-valid trips = 6 · Undesirable = 19
A5: Date | B5: Loco ID | C5: Trip Type | D5: Onset | E5: End | F5: Duration (s) | G5: EB Packets | H5: Max Speed | I5: Mode @onset | J5: Location (km) | K5: Dir | L5: Station | M5: Speed at EB (PG check) | N5: MA wrt Sig | O5: Emergency (LReg) | P5: Suspected Reason (undesirable) | Q5: Loco Type
A6: 22 Jun | B6: 37287 | C6: Valid | D6: 18:57:06 | E6: 18:57:08 | F6: 2 | G6: 2 | H6: 94 | I6: FS | J6: 421.08 | K6: N | L6: ADAS ROAD | M6: 94 km/h | N6: 393 MA dropped from 2780 to 393. | O6: - | P6: Sudden MA drop | Q6: Medha/Kernex
A7: 23 Jun | B7: 30507 | C7: Valid | D7: 11:37:36 | E7: 11:39:14 | F7: 98 | G7: 49 | H7: 3 | I7: TRIP | J7: 433.7 | K7: R | L7: ANAND Jn | M7: 3 km/h | N7: 0 | O7: - | P7: Trip mode | Q7: Medha/Kernex
A8: 23 Jun | B8: 39467 | C8: Valid | D8: 17:15:58 | E8: 17:16:00 | F8: 2 | G8: 2 | H8: 11 | I8: SR | J8: 403.47 | K8: U | L8: BAJWA | M8: 11 km/h | N8: 0 | O8: - | P8: FS->SR degradation + EB | Q8: HBL
A9: 23 Jun | B9: 37131 | C9: Valid | D9: 19:48:08 | E9: 19:48:08 | F9: 0 | G9: 1 | H9: 104 | I9: FS | J9: 420.7 | K9: N | L9: ADAS ROAD | M9: 104 km/h | N9: 1074 MA dropped from 3272 to 1074. | O9: - | P9: Sudden MA drop | Q9: Medha/Kernex
A10: 24 Jun | B10: 30829 | C10: Non-Valid | D10: 04:09:50 | E10: 04:10:26 | F10: 36 | G10: 19 | H10: 23 | I10: TRIP | J10: 432.62 | K10: R | L10: ANAND Jn | M10: 22 km/h | N10: 0 MA dropped from 4758 to 0. | O10: - | P10: Sudden MA drop; Trip mode | Q10: Medha/Kernex
A11: 24 Jun | B11: 30829 | C11: Non-Valid | D11: 04:10:32 | E11: 04:10:40 | F11: 8 | G11: 5 | H11: 0 | I11: TRIP | J11: 432.56 | K11: R | L11: ANAND Jn | M11: 0 km/h | N11: 1073 | O11: - | P11: EB at 0-1 km/h; Trip mode | Q11: Medha/Kernex
A12: 24 Jun | B12: 30829 | C12: Non-Valid | D12: 04:10:46 | E12: 04:11:20 | F12: 34 | G12: 17 | H12: 0 | I12: TRIP | J12: 432.56 | K12: R | L12: ANAND Jn | M12: 0 km/h | N12: 1073 | O12: - | P12: EB at 0-1 km/h; Trip mode | Q12: Medha/Kernex
A13: 24 Jun | B13: 39030 | C13: Valid | D13: 21:56:32 | E13: 21:56:46 | F13: 14 | G13: 8 | H13: 36 | I13: SR | J13: 497.73 | K13: U | L13: AHMEDABAD Jn | M13: 36 km/h | N13: 2785 | O13: - | P13: FS->SR degradation + EB | Q13: Medha/Kernex
A14: 26 Jun | B14: 37887 | C14: Valid | D14: 20:29:56 | E14: 20:30:02 | F14: 6 | G14: 4 | H14: 6 | I14: SR | J14: 495.57 | K14: U | L14: AHMEDABAD Jn | M14: 6 km/h | N14: 494 | O14: - | P14: FS->SR degradation + EB | Q14: Medha/Kernex
A15: 26 Jun | B15: 37020 | C15: Valid | D15: 23:04:08 | E15: 23:04:16 | F15: 8 | G15: 5 | H15: 40 | I15: FS | J15: 437.25 | K15: N | L15: KANJARI BORIYAVI | M15: 40 km/h | N15: 5593 | O15: RearEnd | P15: Emergency: RearEnd | Q15: Medha/Kernex
A16: 27 Jun | B16: 39096 | C16: Non-Valid | D16: 00:24:28 | E16: 00:24:38 | F16: 10 | G16: 4 | H16: 23 | I16: SR | J16: 493.19 | K16: U | L16: KANKARIYA CABIN | M16: 23 km/h | N16: 1222 | O16: - | P16: FS->SR degradation + EB | Q16: Medha/Kernex
A17: 27 Jun | B17: 30733 | C17: Valid | D17: 04:25:56 | E17: 04:26:20 | F17: 24 | G17: 13 | H17: 9 | I17: SR | J17: 494.75 | K17: U | L17: AHMEDABAD Jn | M17: 9 km/h | N17: 1046 | O17: - | P17: FS->SR degradation + EB | Q17: Medha/Kernex
... A24: 27 Jun | B24: 30581 | C24: Valid | D24: 16:41:48 | E24: 16:41:52 | F24: 4 | G24: 3 | H24: 1 | I24: POSTTRIP | J24: 402.53 | K24: R | L24: BAJWA | M24: 0 km/h | N24: 0 | O24: - | P24: EB at 0-1 km/h | Q24: Medha/Kernex

Sheet Mode Degradation
A1: Mode Degradation — one event = a transition into LS or SR from a less-degraded mode (FS, OS, Trip, PostTrip, Standby; plus LS→SR). NonLeading→LS/SR, FS→OS and any recovery to FS are not counted. Detected on the merged LReq+LReg timeline (LReq carries the LS/SR packets LReg drops); spells outside the section or with a >60s reporting gap (stabled / out of coverage) are excluded.
A3: Total Mode Degradation = 765 · one row = one transition into LS or SR
A5: Date | B5: Loco ID | C5: From | D5: To (degraded) | E5: Onset | F5: End | G5: Duration (s) | H5: Packets | I5: Location (km) | J5: Station | K5: Dir | L5: Valid Trip?
A6: 21 Jun | B6: 37086 | C6: FS | D6: SR | E6: 00:28:04 | F6: 00:29:12 | G6: 68 | H6: 39 | I6: 434.74 | J6: LC-264 | K6: R | L6: Non-Valid
A7: 21 Jun | B7: 30823 | C7: FS | D7: SR | E7: 00:35:28 | F7: 01:05:24 | G7: 1796 | H7: 720 | I7: 403.39 | J7: BAJWA | K7: R | L7: Non-Valid
A8: 21 Jun | B8: 37780 | C8: FS | D8: SR | E8: 00:39:14 | F8: 01:22:48 | G8: 2614 | H8: 1034 | I8: 402.51 | J8: BAJWA | K8: R | L8: Non-Valid
A9: 21 Jun | B9: 39258 | C9: FS | D9: SR | E9: 01:08:24 | F9: 01:08:24 | G9: 0 | H9: 1 | I9: 401.2 | J9: BAJWA | K9: R | L9: Non-Valid
A10: 21 Jun | B10: 37818 | C10: FS | D10: SR | E10: 01:55:46 | F10: 01:55:46 | G10: 0 | H10: 1 | I10: 402 | J10: BAJWA | K10: R | L10: Valid
A11: 21 Jun | B11: 37818 | C11: FS | D11: SR | E11: 01:55:48 | F11: 01:59:04 | G11: 196 | H11: 188 | I11: 401.99 | J11: BAJWA | K11: R | L11: Valid
A12: 21 Jun | B12: 37818 | C12: FS | D12: SR | E12: 02:34:32 | F12: 02:34:34 | G12: 2 | H12: 2 | I12: 431.97 | J12: ANAND Jn | K12: N | L12: Valid
A13: 21 Jun | B13: 30476 | C13: StandBy | D13: SR | E13: 02:56:22 | F13: 03:20:46 | G13: 1464 | H13: 734 | I13: 494.99 | J13: AHMEDABAD Jn | K13: U | L13: Valid
A14: 21 Jun | B14: 37818 | C14: FS | D14: LS | E14: 03:10:44 | F14: 03:11:34 | G14: 50 | H14: 27 | I14: 478.03 | J14: BAREJADI NANDEJ | K14: N | L14: Valid
A15: 21 Jun | B15: 37818 | C15: LS | D15: SR | E15: 03:11:36 | F15: 03:12:56 | G15: 80 | H15: 47 | I15: 479.71 | J15: BAREJADI NANDEJ | K15: N | L15: Valid
A16: 21 Jun | B16: 37684 | C16: FS | D16: SR | E16: 03:24:28 | F16: 04:06:56 | G16: 2548 | H16: 987 | I16: 403.19 | J16: BAJWA | K16: R | L16: Non-Valid
A17: 21 Jun | B17: 30460 | C17: FS | D17: SR | E17: 03:30:36 | F17: 04:14:24 | G17: 2628 | H17: 858 | I17: 402.35 | J17: BAJWA | K17: R | L17: Non-Valid
... A770: 27 Jun | B770: 37632 | C770: OS | D770: SR | E770: 23:58:44 | F770: 23:58:44 | G770: 0 | H770: 1 | I770: 435.46 | J770: LC-264 | K770: R | L770: Non-Valid

Sheet KM Verification
A1: KM Verification - KM = (In-section Max Abs - In-section Min Abs) / 1000
A2: Section window: abs 400398 - 494312 (24000_ADI - 24223 (WR03, BRC excluded)). Only positions inside this window count; 8388607 'unknown' is excluded. 'In Report'=No means no in-section travel (dropped).
A4: Date | B4: Loco ID | C4: Total pkts | D4: Valid-abs pkts | E4: In-section pkts | F4: Raw Min Abs | G4: Raw Max Abs | H4: In-sec Min Abs | I4: In-sec Max Abs | J4: KM = (Max-Min)/1000 | K4: In Report? | L4: Stations Passed (of 23) | M4: Stations Not Passed (if < full trip)
A5: 21 Jun | B5: 30791 | C5: 5560 | D5: 5560 | E5: 4072 | F5: 370180 | G5: 494966 | H5: 400398 | I5: 494310 | J5: =(I5-H5)/1000 | K5: Yes | L5: 23 | M5: - (full trip)
A6: 21 Jun | B6: 30814 | C6: 6772 | D6: 6772 | E6: 5128 | F6: 360651 | G6: 495793 | H6: 400405 | I6: 494312 | J6: =(I6-H6)/1000 | K6: Yes | L6: 23 | M6: - (full trip)
A7: 21 Jun | B7: 37569 | C7: 4647 | D7: 4647 | E7: 3977 | F7: 380745 | G7: 494966 | H7: 400398 | I7: 494310 | J7: =(I7-H7)/1000 | K7: Yes | L7: 23 | M7: - (full trip)
A8: 21 Jun | B8: 39030 | C8: 5253 | D8: 5253 | E8: 4048 | F8: 376785 | G8: 494981 | H8: 400403 | I8: 494312 | J8: =(I8-H8)/1000 | K8: Yes | L8: 23 | M8: - (full trip)
A9: 21 Jun | B9: 39248 | C9: 5176 | D9: 5176 | E9: 3918 | F9: 371166 | G9: 495009 | H9: 400401 | I9: 494311 | J9: =(I9-H9)/1000 | K9: Yes | L9: 23 | M9: - (full trip)
A10: 21 Jun | B10: 39287 | C10: 7027 | D10: 7009 | E10: 6243 | F10: 396003 | G10: 495605 | H10: 400401 | I10: 494310 | J10: =(I10-H10)/1000 | K10: Yes | L10: 23 | M10: - (full trip)
A11: 21 Jun | B11: 30531 | C11: 4828 | D11: 4828 | E11: 3983 | F11: 369958 | G11: 495777 | H11: 400415 | I11: 494311 | J11: =(I11-H11)/1000 | K11: Yes | L11: 23 | M11: - (full trip)
A12: 21 Jun | B12: 37279 | C12: 5487 | D12: 5487 | E12: 5015 | F12: 398303 | G12: 495779 | H12: 400402 | I12: 494305 | J12: =(I12-H12)/1000 | K12: Yes | L12: 23 | M12: - (full trip)
A13: 21 Jun | B13: 37503 | C13: 9704 | D13: 9704 | E13: 7647 | F13: 360727 | G13: 495806 | H13: 400415 | I13: 494312 | J13: =(I13-H13)/1000 | K13: Yes | L13: 23 | M13: - (full trip)
A14: 21 Jun | B14: 30476 | C14: 6670 | D14: 5896 | E14: 4496 | F14: 370027 | G14: 500172 | H14: 400416 | I14: 494311 | J14: =(I14-H14)/1000 | K14: Yes | L14: 23 | M14: - (full trip)
A15: 21 Jun | B15: 37287 | C15: 5100 | D15: 5100 | E15: 3693 | F15: 367864 | G15: 494963 | H15: 400422 | I15: 494310 | J15: =(I15-H15)/1000 | K15: Yes | L15: 23 | M15: - (full trip)
A16: 21 Jun | B16: 30314 | C16: 5362 | D16: 5362 | E16: 4457 | F16: 370259 | G16: 495731 | H16: 400433 | I16: 494310 | J16: =(I16-H16)/1000 | K16: Yes | L16: 23 | M16: - (full trip)
... A47: 21 Jun | B47: 39467 | C47: 815 | D47: 788 | E47: 431 | F47: 395422 | G47: 402392 | H47: 400399 | I47: 402392 | J47: =(I47-H47)/1000 | K47: Yes | L47: 1 | M47: RANOLI, LC-246, VASAD, ADAS ROAD, VADOD, LC-258, ANAND Jn, LC-264, KANJARI BORIYAVI, UTARSANDA, NADIAD, LC-278, GOTHAJ, LC-286, MAHEMDABAD AND KHEDA ROAD, LC-294, KANIJ, BAREJADI NANDEJ, GERATPUR, VATVA, KANKARIYA CABIN, AHMEDABAD Jn
A48: 21 Jun | B48: 30358 | C48: 6 | D48: 0 | E48: 0 | F48: - | G48: - | H48: - | I48: - | J48: 0 | K48: No | L48: 0 | M48: BAJWA, RANOLI, LC-246, VASAD, ADAS ROAD, VADOD, LC-258, ANAND Jn, LC-264, KANJARI BORIYAVI, UTARSANDA, NADIAD, LC-278, GOTHAJ, LC-286, MAHEMDABAD AND KHEDA ROAD, LC-294, KANIJ, BAREJADI NANDEJ, GERATPUR, VATVA, KANKARIYA CABIN, AHMEDABAD Jn
A49: 21 Jun | B49: 32649 | C49: 498 | D49: 416 | E49: 0 | F49: 2499972 | G49: 2500647 | H49: - | I49: - | J49: 0 | K49: No | L49: 0 | M49: BAJWA, RANOLI, LC-246, VASAD, ADAS ROAD, VADOD, LC-258, ANAND Jn, LC-264, KANJARI BORIYAVI, UTARSANDA, NADIAD, LC-278, GOTHAJ, LC-286, MAHEMDABAD AND KHEDA ROAD, LC-294, KANIJ, BAREJADI NANDEJ, GERATPUR, VATVA, KANKARIYA CABIN, AHMEDABAD Jn
A50: 21 Jun | B50: 37111 | C50: 298 | D50: 298 | E50: 0 | F50: 361572 | G50: 395917 | H50: - | I50: - | J50: 0 | K50: No | L50: 0 | M50: BAJWA, RANOLI, LC-246, VASAD, ADAS ROAD, VADOD, LC-258, ANAND Jn, LC-264, KANJARI BORIYAVI, UTARSANDA, NADIAD, LC-278, GOTHAJ, LC-286, MAHEMDABAD AND KHEDA ROAD, LC-294, KANIJ, BAREJADI NANDEJ, GERATPUR, VATVA, KANKARIYA CABIN, AHMEDABAD Jn
A51: 21 Jun | B51: 37350 | C51: 10 | D51: 10 | E51: 0 | F51: 379696 | G51: 382968 | H51: - | I51: - | J51: 0 | K51: No | L51: 0 | M51: BAJWA, RANOLI, LC-246, VASAD, ADAS ROAD, VADOD, LC-258, ANAND Jn, LC-264, KANJARI BORIYAVI, UTARSANDA, NADIAD, LC-278, GOTHAJ, LC-286, MAHEMDABAD AND KHEDA ROAD, LC-294, KANIJ, BAREJADI NANDEJ, GERATPUR, VATVA, KANKARIYA CABIN, AHMEDABAD Jn
A52: 21 Jun | B52: 37602 | C52: 405 | D52: 405 | E52: 0 | F52: 363410 | G52: 395922 | H52: - | I52: - | J52: 0 | K52: No | L52: 0 | M52: BAJWA, RANOLI, LC-246, VASAD, ADAS ROAD, VADOD, LC-258, ANAND Jn, LC-264, KANJARI BORIYAVI, UTARSANDA, NADIAD, LC-278, GOTHAJ, LC-286, MAHEMDABAD AND KHEDA ROAD, LC-294, KANIJ, BAREJADI NANDEJ, GERATPUR, VATVA, KANKARIYA CABIN, AHMEDABAD Jn
A53: 21 Jun | B53: 37781 | C53: 293 | D53: 293 | E53: 0 | F53: 369607 | G53: 394003 | H53: - | I53: - | J53: 0 | K53: No | L53: 0 | M53: BAJWA, RANOLI, LC-246, VASAD, ADAS ROAD, VADOD, LC-258, ANAND Jn, LC-264, KANJARI BORIYAVI, UTARSANDA, NADIAD, LC-278, GOTHAJ, LC-286, MAHEMDABAD AND KHEDA ROAD, LC-294, KANIJ, BAREJADI NANDEJ, GERATPUR, VATVA, KANKARIYA CABIN, AHMEDABAD Jn
A54: 21 Jun | B54: 39014 | C54: 883 | D54: 883 | E54: 0 | F54: 363508 | G54: 398110 | H54: - | I54: - | J54: 0 | K54: No | L54: 0 | M54: BAJWA, RANOLI, LC-246, VASAD, ADAS ROAD, VADOD, LC-258, ANAND Jn, LC-264, KANJARI BORIYAVI, UTARSANDA, NADIAD, LC-278, GOTHAJ, LC-286, MAHEMDABAD AND KHEDA ROAD, LC-294, KANIJ, BAREJADI NANDEJ, GERATPUR, VATVA, KANKARIYA CABIN, AHMEDABAD Jn
A55: 21 Jun | B55: 39089 | C55: 329 | D55: 329 | E55: 0 | F55: 374169 | G55: 395849 | H55: - | I55: - | J55: 0 | K55: No | L55: 0 | M55: BAJWA, RANOLI, LC-246, VASAD, ADAS ROAD, VADOD, LC-258, ANAND Jn, LC-264, KANJARI BORIYAVI, UTARSANDA, NADIAD, LC-278, GOTHAJ, LC-286, MAHEMDABAD AND KHEDA ROAD, LC-294, KANIJ, BAREJADI NANDEJ, GERATPUR, VATVA, KANKARIYA CABIN, AHMEDABAD Jn
A56: 21 Jun | B56: 39514 | C56: 309 | D56: 309 | E56: 0 | F56: 374182 | G56: 395426 | H56: - | I56: - | J56: 0 | K56: No | L56: 0 | M56: BAJWA, RANOLI, LC-246, VASAD, ADAS ROAD, VADOD, LC-258, ANAND Jn, LC-264, KANJARI BORIYAVI, UTARSANDA, NADIAD, LC-278, GOTHAJ, LC-286, MAHEMDABAD AND KHEDA ROAD, LC-294, KANIJ, BAREJADI NANDEJ, GERATPUR, VATVA, KANKARIYA CABIN, AHMEDABAD Jn
A57: 21 Jun | B57: 43660 | C57: 248 | D57: 164 | E57: 0 | F57: 2499972 | G57: 2500602 | H57: - | I57: - | J57: 0 | K57: No | L57: 0 | M57: BAJWA, RANOLI, LC-246, VASAD, ADAS ROAD, VADOD, LC-258, ANAND Jn, LC-264, KANJARI BORIYAVI, UTARSANDA, NADIAD, LC-278, GOTHAJ, LC-286, MAHEMDABAD AND KHEDA ROAD, LC-294, KANIJ, BAREJADI NANDEJ, GERATPUR, VATVA, KANKARIYA CABIN, AHMEDABAD Jn
A58: 21 Jun | B58: 43922 | C58: 17 | D58: 0 | E58: 0 | F58: - | G58: - | H58: - | I58: - | J58: 0 | K58: No | L58: 0 | M58: BAJWA, RANOLI, LC-246, VASAD, ADAS ROAD, VADOD, LC-258, ANAND Jn, LC-264, KANJARI BORIYAVI, UTARSANDA, NADIAD, LC-278, GOTHAJ, LC-286, MAHEMDABAD AND KHEDA ROAD, LC-294, KANIJ, BAREJADI NANDEJ, GERATPUR, VATVA, KANKARIYA CABIN, AHMEDABAD Jn
A59: 22 Jun | B59: 30314 | C59: 4708 | D59: 4708 | E59: 3823 | F59: 375215 | G59: 494964 | H59: 400398 | I59: 494312 | J59: =(I59-H59)/1000 | K59: Yes | L59: 23 | M59: - (full trip)
A60: 22 Jun | B60: 30476 | C60: 5790 | D60: 5790 | E60: 4938 | F60: 361584 | G60: 495769 | H60: 400399 | I60: 494306 | J60: =(I60-H60)/1000 | K60: Yes | L60: 23 | M60: - (full trip)
A61: 22 Jun | B61: 30507 | C61: 5846 | D61: 5846 | E61: 5377 | F61: 398301 | G61: 495784 | H61: 400399 | I61: 494311 | J61: =(I61-H61)/1000 | K61: Yes | L61: 23 | M61: - (full trip)
A62: 22 Jun | B62: 30531 | C62: 4331 | D62: 4331 | E62: 3901 | F62: 396975 | G62: 494984 | H62: 400401 | I62: 494311 | J62: =(I62-H62)/1000 | K62: Yes | L62: 23 | M62: - (full trip)
A63: 22 Jun | B63: 33715 | C63: 12469 | D63: 12469 | E63: 10374 | F63: 361614 | G63: 495716 | H63: 400406 | I63: 494311 | J63: =(I63-H63)/1000 | K63: Yes | L63: 23 | M63: - (full trip)
A64: 22 Jun | B64: 37163 | C64: 5917 | D64: 5917 | E64: 4206 | F64: 360968 | G64: 494966 | H64: 400399 | I64: 494310 | J64: =(I64-H64)/1000 | K64: Yes | L64: 23 | M64: - (full trip)
A65: 22 Jun | B65: 37793 | C65: 6748 | D65: 6748 | E65: 5400 | F65: 363506 | G65: 495466 | H65: 400400 | I65: 494309 | J65: =(I65-H65)/1000 | K65: Yes | L65: 23 | M65: - (full trip)
A66: 22 Jun | B66: 37887 | C66: 6274 | D66: 6274 | E66: 5320 | F66: 369874 | G66: 494979 | H66: 400404 | I66: 494310 | J66: =(I66-H66)/1000 | K66: Yes | L66: 23 | M66: - (full trip)
A67: 22 Jun | B67: 37287 | C67: 7013 | D67: 7013 | E67: 5971 | F67: 369973 | G67: 495595 | H67: 400408 | I67: 494312 | J67: =(I67-H67)/1000 | K67: Yes | L67: 23 | M67: - (full trip)
A68: 22 Jun | B68: 37337 | C68: 6420 | D68: 6420 | E68: 5102 | F68: 370065 | G68: 494968 | H68: 400413 | I68: 494311 | J68: =(I68-H68)/1000 | K68: Yes | L68: 23 | M68: - (full trip)
A69: 22 Jun | B69: 37453 | C69: 5204 | D69: 5199 | E69: 3781 | F69: 370240 | G69: 494980 | H69: 400413 | I69: 494312 | J69: =(I69-H69)/1000 | K69: Yes | L69: 23 | M69: - (full trip)
A70: 22 Jun | B70: 39014 | C70: 4561 | D70: 4561 | E70: 4230 | F70: 398125 | G70: 495807 | H70: 400409 | I70: 494311 | J70: =(I70-H70)/1000 | K70: Yes | L70: 23 | M70: - (full trip)
... A100: 22 Jun | B100: 39467 | C100: 1560 | D100: 1531 | E100: 394 | F100: 370007 | G100: 402392 | H100: 400405 | I100: 402392 | J100: =(I100-H100)/1000 | K100: Yes | L100: 1 | M100: RANOLI, LC-246, VASAD, ADAS ROAD, VADOD, LC-258, ANAND Jn, LC-264, KANJARI BORIYAVI, UTARSANDA, NADIAD, LC-278, GOTHAJ, LC-286, MAHEMDABAD AND KHEDA ROAD, LC-294, KANIJ, BAREJADI NANDEJ, GERATPUR, VATVA, KANKARIYA CABIN, AHMEDABAD Jn
A101: 22 Jun | B101: 120850 | C101: 1542 | D101: 1530 | E101: 0 | F101: 770654 | G101: 772408 | H101: - | I101: - | J101: 0 | K101: No | L101: 0 | M101: BAJWA, RANOLI, LC-246, VASAD, ADAS ROAD, VADOD, LC-258, ANAND Jn, LC-264, KANJARI BORIYAVI, UTARSANDA, NADIAD, LC-278, GOTHAJ, LC-286, MAHEMDABAD AND KHEDA ROAD, LC-294, KANIJ, BAREJADI NANDEJ, GERATPUR, VATVA, KANKARIYA CABIN, AHMEDABAD Jn
A102: 22 Jun | B102: 30090 | C102: 109 | D102: 96 | E102: 0 | F102: 375040 | G102: 387690 | H102: - | I102: - | J102: 0 | K102: No | L102: 0 | M102: BAJWA, RANOLI, LC-246, VASAD, ADAS ROAD, VADOD, LC-258, ANAND Jn, LC-264, KANJARI BORIYAVI, UTARSANDA, NADIAD, LC-278, GOTHAJ, LC-286, MAHEMDABAD AND KHEDA ROAD, LC-294, KANIJ, BAREJADI NANDEJ, GERATPUR, VATVA, KANKARIYA CABIN, AHMEDABAD Jn
A103: 22 Jun | B103: 37112 | C103: 23 | D103: 0 | E103: 0 | F103: - | G103: - | H103: - | I103: - | J103: 0 | K103: No | L103: 0 | M103: BAJWA, RANOLI, LC-246, VASAD, ADAS ROAD, VADOD, LC-258, ANAND Jn, LC-264, KANJARI BORIYAVI, UTARSANDA, NADIAD, LC-278, GOTHAJ, LC-286, MAHEMDABAD AND KHEDA ROAD, LC-294, KANIJ, BAREJADI NANDEJ, GERATPUR, VATVA, KANKARIYA CABIN, AHMEDABAD Jn
A104: 22 Jun | B104: 37385 | C104: 88 | D104: 88 | E104: 0 | F104: 494692 | G104: 494949 | H104: - | I104: - | J104: 0 | K104: No | L104: 0 | M104: BAJWA, RANOLI, LC-246, VASAD, ADAS ROAD, VADOD, LC-258, ANAND Jn, LC-264, KANJARI BORIYAVI, UTARSANDA, NADIAD, LC-278, GOTHAJ, LC-286, MAHEMDABAD AND KHEDA ROAD, LC-294, KANIJ, BAREJADI NANDEJ, GERATPUR, VATVA, KANKARIYA CABIN, AHMEDABAD Jn
A105: 22 Jun | B105: 37569 | C105: 260 | D105: 260 | E105: 0 | F105: 380415 | G105: 396093 | H105: - | I105: - | J105: 0 | K105: No | L105: 0 | M105: BAJWA, RANOLI, LC-246, VASAD, ADAS ROAD, VADOD, LC-258, ANAND Jn, LC-264, KANJARI BORIYAVI, UTARSANDA, NADIAD, LC-278, GOTHAJ, LC-286, MAHEMDABAD AND KHEDA ROAD, LC-294, KANIJ, BAREJADI NANDEJ, GERATPUR, VATVA, KANKARIYA CABIN, AHMEDABAD Jn
A106: 22 Jun | B106: 37780 | C106: 336 | D106: 336 | E106: 0 | F106: 368098 | G106: 395170 | H106: - | I106: - | J106: 0 | K106: No | L106: 0 | M106: BAJWA, RANOLI, LC-246, VASAD, ADAS ROAD, VADOD, LC-258, ANAND Jn, LC-264, KANJARI BORIYAVI, UTARSANDA, NADIAD, LC-278, GOTHAJ, LC-286, MAHEMDABAD AND KHEDA ROAD, LC-294, KANIJ, BAREJADI NANDEJ, GERATPUR, VATVA, KANKARIYA CABIN, AHMEDABAD Jn
A107: 22 Jun | B107: 37813 | C107: 559 | D107: 559 | E107: 0 | F107: 361571 | G107: 395928 | H107: - | I107: - | J107: 0 | K107: No | L107: 0 | M107: BAJWA, RANOLI, LC-246, VASAD, ADAS ROAD, VADOD, LC-258, ANAND Jn, LC-264, KANJARI BORIYAVI, UTARSANDA, NADIAD, LC-278, GOTHAJ, LC-286, MAHEMDABAD AND KHEDA ROAD, LC-294, KANIJ, BAREJADI NANDEJ, GERATPUR, VATVA, KANKARIYA CABIN, AHMEDABAD Jn
A108: 22 Jun | B108: 39089 | C108: 218 | D108: 218 | E108: 0 | F108: 368127 | G108: 395167 | H108: - | I108: - | J108: 0 | K108: No | L108: 0 | M108: BAJWA, RANOLI, LC-246, VASAD, ADAS ROAD, VADOD, LC-258, ANAND Jn, LC-264, KANJARI BORIYAVI, UTARSANDA, NADIAD, LC-278, GOTHAJ, LC-286, MAHEMDABAD AND KHEDA ROAD, LC-294, KANIJ, BAREJADI NANDEJ, GERATPUR, VATVA, KANKARIYA CABIN, AHMEDABAD Jn
A109: 22 Jun | B109: 39214 | C109: 1 | D109: 0 | E109: 0 | F109: - | G109: - | H109: - | I109: - | J109: 0 | K109: No | L109: 0 | M109: BAJWA, RANOLI, LC-246, VASAD, ADAS ROAD, VADOD, LC-258, ANAND Jn, LC-264, KANJARI BORIYAVI, UTARSANDA, NADIAD, LC-278, GOTHAJ, LC-286, MAHEMDABAD AND KHEDA ROAD, LC-294, KANIJ, BAREJADI NANDEJ, GERATPUR, VATVA, KANKARIYA CABIN, AHMEDABAD Jn
A110: 22 Jun | B110: 41933 | C110: 661 | D110: 536 | E110: 0 | F110: 2500000 | G110: 2500624 | H110: - | I110: - | J110: 0 | K110: No | L110: 0 | M110: BAJWA, RANOLI, LC-246, VASAD, ADAS ROAD, VADOD, LC-258, ANAND Jn, LC-264, KANJARI BORIYAVI, UTARSANDA, NADIAD, LC-278, GOTHAJ, LC-286, MAHEMDABAD AND KHEDA ROAD, LC-294, KANIJ, BAREJADI NANDEJ, GERATPUR, VATVA, KANKARIYA CABIN, AHMEDABAD Jn
A111: 22 Jun | B111: 41983 | C111: 43 | D111: 0 | E111: 0 | F111: - | G111: - | H111: - | I111: - | J111: 0 | K111: No | L111: 0 | M111: BAJWA, RANOLI, LC-246, VASAD, ADAS ROAD, VADOD, LC-258, ANAND Jn, LC-264, KANJARI BORIYAVI, UTARSANDA, NADIAD, LC-278, GOTHAJ, LC-286, MAHEMDABAD AND KHEDA ROAD, LC-294, KANIJ, BAREJADI NANDEJ, GERATPUR, VATVA, KANKARIYA CABIN, AHMEDABAD Jn
A112: 22 Jun | B112: 43706 | C112: 6 | D112: 0 | E112: 0 | F112: - | G112: - | H112: - | I112: - | J112: 0 | K112: No | L112: 0 | M112: BAJWA, RANOLI, LC-246, VASAD, ADAS ROAD, VADOD, LC-258, ANAND Jn, LC-264, KANJARI BORIYAVI, UTARSANDA, NADIAD, LC-278, GOTHAJ, LC-286, MAHEMDABAD AND KHEDA ROAD, LC-294, KANIJ, BAREJADI NANDEJ, GERATPUR, VATVA, KANKARIYA CABIN, AHMEDABAD Jn
A113: 22 Jun | B113: 45034 | C113: 1 | D113: 0 | E113: 0 | F113: - | G113: - | H113: - | I113: - | J113: 0 | K113: No | L113: 0 | M113: BAJWA, RANOLI, LC-246, VASAD, ADAS ROAD, VADOD, LC-258, ANAND Jn, LC-264, KANJARI BORIYAVI, UTARSANDA, NADIAD, LC-278, GOTHAJ, LC-286, MAHEMDABAD AND KHEDA ROAD, LC-294, KANIJ, BAREJADI NANDEJ, GERATPUR, VATVA, KANKARIYA CABIN, AHMEDABAD Jn
A114: 22 Jun | B114: 51347 | C114: 9 | D114: 0 | E114: 0 | F114: - | G114: - | H114: - | I114: - | J114: 0 | K114: No | L114: 0 | M114: BAJWA, RANOLI, LC-246, VASAD, ADAS ROAD, VADOD, LC-258, ANAND Jn, LC-264, KANJARI BORIYAVI, UTARSANDA, NADIAD, LC-278, GOTHAJ, LC-286, MAHEMDABAD AND KHEDA ROAD, LC-294, KANIJ, BAREJADI NANDEJ, GERATPUR, VATVA, KANKARIYA CABIN, AHMEDABAD Jn
A115: 23 Jun | B115: 30472 | C115: 4985 | D115: 4985 | E115: 3888 | F115: 363582 | G115: 494948 | H115: 400398 | I115: 494312 | J115: =(I115-H115)/1000 | K115: Yes | L115: 23 | M115: - (full trip)
A116: 23 Jun | B116: 30476 | C116: 5624 | D116: 5624 | E116: 4917 | F116: 396599 | G116: 494895 | H116: 400407 | I116: 494312 | J116: =(I116-H116)/1000 | K116: Yes | L116: 23 | M116: - (full trip)
A117: 23 Jun | B117: 30507 | C117: 8298 | D117: 8298 | E117: 7590 | F117: 398295 | G117: 495777 | H117: 400398 | I117: 494312 | J117: =(I117-H117)/1000 | K117: Yes | L117: 23 | M117: - (full trip)
A118: 23 Jun | B118: 30531 | C118: 5618 | D118: 5618 | E118: 4382 | F118: 367764 | G118: 495785 | H118: 400403 | I118: 494312 | J118: =(I118-H118)/1000 | K118: Yes | L118: 23 | M118: - (full trip)
A119: 23 Jun | B119: 30606 | C119: 5832 | D119: 5832 | E119: 4803 | F119: 370471 | G119: 494970 | H119: 400399 | I119: 494312 | J119: =(I119-H119)/1000 | K119: Yes | L119: 23 | M119: - (full trip)
A120: 23 Jun | B120: 37303 | C120: 5392 | D120: 5392 | E120: 4295 | F120: 375144 | G120: 495007 | H120: 400400 | I120: 494312 | J120: =(I120-H120)/1000 | K120: Yes | L120: 23 | M120: - (full trip)
A121: 23 Jun | B121: 37350 | C121: 10495 | D121: 10495 | E121: 7933 | F121: 370095 | G121: 495788 | H121: 400403 | I121: 494311 | J121: =(I121-H121)/1000 | K121: Yes | L121: 23 | M121: - (full trip)
A122: 23 Jun | B122: 37471 | C122: 5052 | D122: 5052 | E122: 3967 | F122: 367936 | G122: 494968 | H122: 400398 | I122: 494309 | J122: =(I122-H122)/1000 | K122: Yes | L122: 23 | M122: - (full trip)
A123: 23 Jun | B123: 37793 | C123: 8860 | D123: 8860 | E123: 7312 | F123: 361571 | G123: 495466 | H123: 400398 | I123: 494310 | J123: =(I123-H123)/1000 | K123: Yes | L123: 23 | M123: - (full trip)
A124: 23 Jun | B124: 30747 | C124: 4778 | D124: 4756 | E124: 3869 | F124: 370252 | G124: 494982 | H124: 400410 | I124: 494311 | J124: =(I124-H124)/1000 | K124: Yes | L124: 23 | M124: - (full trip)
A125: 23 Jun | B125: 37934 | C125: 4751 | D125: 4751 | E125: 4284 | F125: 395500 | G125: 494975 | H125: 400406 | I125: 494310 | J125: =(I125-H125)/1000 | K125: Yes | L125: 23 | M125: - (full trip)
A126: 23 Jun | B126: 39066 | C126: 5384 | D126: 5384 | E126: 4398 | F126: 368206 | G126: 494895 | H126: 400414 | I126: 494312 | J126: =(I126-H126)/1000 | K126: Yes | L126: 23 | M126: - (full trip)
... A158: 23 Jun | B158: 37111 | C158: 799 | D158: 799 | E158: 252 | F158: 370251 | G158: 402382 | H158: 400403 | I158: 402382 | J158: =(I158-H158)/1000 | K158: Yes | L158: 1 | M158: RANOLI, LC-246, VASAD, ADAS ROAD, VADOD, LC-258, ANAND Jn, LC-264, KANJARI BORIYAVI, UTARSANDA, NADIAD, LC-278, GOTHAJ, LC-286, MAHEMDABAD AND KHEDA ROAD, LC-294, KANIJ, BAREJADI NANDEJ, GERATPUR, VATVA, KANKARIYA CABIN, AHMEDABAD Jn
A159: 23 Jun | B159: 30767 | C159: 578 | D159: 578 | E159: 0 | F159: 363453 | G159: 395861 | H159: - | I159: - | J159: 0 | K159: No | L159: 0 | M159: BAJWA, RANOLI, LC-246, VASAD, ADAS ROAD, VADOD, LC-258, ANAND Jn, LC-264, KANJARI BORIYAVI, UTARSANDA, NADIAD, LC-278, GOTHAJ, LC-286, MAHEMDABAD AND KHEDA ROAD, LC-294, KANIJ, BAREJADI NANDEJ, GERATPUR, VATVA, KANKARIYA CABIN, AHMEDABAD Jn
A160: 23 Jun | B160: 31453 | C160: 12 | D160: 0 | E160: 0 | F160: - | G160: - | H160: - | I160: - | J160: 0 | K160: No | L160: 0 | M160: BAJWA, RANOLI, LC-246, VASAD, ADAS ROAD, VADOD, LC-258, ANAND Jn, LC-264, KANJARI BORIYAVI, UTARSANDA, NADIAD, LC-278, GOTHAJ, LC-286, MAHEMDABAD AND KHEDA ROAD, LC-294, KANIJ, BAREJADI NANDEJ, GERATPUR, VATVA, KANKARIYA CABIN, AHMEDABAD Jn
A161: 23 Jun | B161: 32461 | C161: 817 | D161: 625 | E161: 0 | F161: 2500014 | G161: 2500602 | H161: - | I161: - | J161: 0 | K161: No | L161: 0 | M161: BAJWA, RANOLI, LC-246, VASAD, ADAS ROAD, VADOD, LC-258, ANAND Jn, LC-264, KANJARI BORIYAVI, UTARSANDA, NADIAD, LC-278, GOTHAJ, LC-286, MAHEMDABAD AND KHEDA ROAD, LC-294, KANIJ, BAREJADI NANDEJ, GERATPUR, VATVA, KANKARIYA CABIN, AHMEDABAD Jn
A162: 23 Jun | B162: 37321 | C162: 383 | D162: 383 | E162: 0 | F162: 370452 | G162: 395917 | H162: - | I162: - | J162: 0 | K162: No | L162: 0 | M162: BAJWA, RANOLI, LC-246, VASAD, ADAS ROAD, VADOD, LC-258, ANAND Jn, LC-264, KANJARI BORIYAVI, UTARSANDA, NADIAD, LC-278, GOTHAJ, LC-286, MAHEMDABAD AND KHEDA ROAD, LC-294, KANIJ, BAREJADI NANDEJ, GERATPUR, VATVA, KANKARIYA CABIN, AHMEDABAD Jn
A163: 23 Jun | B163: 37491 | C163: 29 | D163: 0 | E163: 0 | F163: - | G163: - | H163: - | I163: - | J163: 0 | K163: No | L163: 0 | M163: BAJWA, RANOLI, LC-246, VASAD, ADAS ROAD, VADOD, LC-258, ANAND Jn, LC-264, KANJARI BORIYAVI, UTARSANDA, NADIAD, LC-278, GOTHAJ, LC-286, MAHEMDABAD AND KHEDA ROAD, LC-294, KANIJ, BAREJADI NANDEJ, GERATPUR, VATVA, KANKARIYA CABIN, AHMEDABAD Jn
A164: 23 Jun | B164: 38812 | C164: 3 | D164: 0 | E164: 0 | F164: - | G164: - | H164: - | I164: - | J164: 0 | K164: No | L164: 0 | M164: BAJWA, RANOLI, LC-246, VASAD, ADAS ROAD, VADOD, LC-258, ANAND Jn, LC-264, KANJARI BORIYAVI, UTARSANDA, NADIAD, LC-278, GOTHAJ, LC-286, MAHEMDABAD AND KHEDA ROAD, LC-294, KANIJ, BAREJADI NANDEJ, GERATPUR, VATVA, KANKARIYA CABIN, AHMEDABAD Jn
A165: 23 Jun | B165: 39089 | C165: 6 | D165: 0 | E165: 0 | F165: - | G165: - | H165: - | I165: - | J165: 0 | K165: No | L165: 0 | M165: BAJWA, RANOLI, LC-246, VASAD, ADAS ROAD, VADOD, LC-258, ANAND Jn, LC-264, KANJARI BORIYAVI, UTARSANDA, NADIAD, LC-278, GOTHAJ, LC-286, MAHEMDABAD AND KHEDA ROAD, LC-294, KANIJ, BAREJADI NANDEJ, GERATPUR, VATVA, KANKARIYA CABIN, AHMEDABAD Jn
A166: 23 Jun | B166: 39311 | C166: 5 | D166: 0 | E166: 0 | F166: - | G166: - | H166: - | I166: - | J166: 0 | K166: No | L166: 0 | M166: BAJWA, RANOLI, LC-246, VASAD, ADAS ROAD, VADOD, LC-258, ANAND Jn, LC-264, KANJARI BORIYAVI, UTARSANDA, NADIAD, LC-278, GOTHAJ, LC-286, MAHEMDABAD AND KHEDA ROAD, LC-294, KANIJ, BAREJADI NANDEJ, GERATPUR, VATVA, KANKARIYA CABIN, AHMEDABAD Jn
A167: 23 Jun | B167: 39412 | C167: 4 | D167: 0 | E167: 0 | F167: - | G167: - | H167: - | I167: - | J167: 0 | K167: No | L167: 0 | M167: BAJWA, RANOLI, LC-246, VASAD, ADAS ROAD, VADOD, LC-258, ANAND Jn, LC-264, KANJARI BORIYAVI, UTARSANDA, NADIAD, LC-278, GOTHAJ, LC-286, MAHEMDABAD AND KHEDA ROAD, LC-294, KANIJ, BAREJADI NANDEJ, GERATPUR, VATVA, KANKARIYA CABIN, AHMEDABAD Jn
A168: 23 Jun | B168: 41643 | C168: 17 | D168: 0 | E168: 0 | F168: - | G168: - | H168: - | I168: - | J168: 0 | K168: No | L168: 0 | M168: BAJWA, RANOLI, LC-246, VASAD, ADAS ROAD, VADOD, LC-258, ANAND Jn, LC-264, KANJARI BORIYAVI, UTARSANDA, NADIAD, LC-278, GOTHAJ, LC-286, MAHEMDABAD AND KHEDA ROAD, LC-294, KANIJ, BAREJADI NANDEJ, GERATPUR, VATVA, KANKARIYA CABIN, AHMEDABAD Jn
A169: 23 Jun | B169: 41706 | C169: 11 | D169: 0 | E169: 0 | F169: - | G169: - | H169: - | I169: - | J169: 0 | K169: No | L169: 0 | M169: BAJWA, RANOLI, LC-246, VASAD, ADAS ROAD, VADOD, LC-258, ANAND Jn, LC-264, KANJARI BORIYAVI, UTARSANDA, NADIAD, LC-278, GOTHAJ, LC-286, MAHEMDABAD AND KHEDA ROAD, LC-294, KANIJ, BAREJADI NANDEJ, GERATPUR, VATVA, KANKARIYA CABIN, AHMEDABAD Jn
A170: 23 Jun | B170: 41933 | C170: 4 | D170: 0 | E170: 0 | F170: - | G170: - | H170: - | I170: - | J170: 0 | K170: No | L170: 0 | M170: BAJWA, RANOLI, LC-246, VASAD, ADAS ROAD, VADOD, LC-258, ANAND Jn, LC-264, KANJARI BORIYAVI, UTARSANDA, NADIAD, LC-278, GOTHAJ, LC-286, MAHEMDABAD AND KHEDA ROAD, LC-294, KANIJ, BAREJADI NANDEJ, GERATPUR, VATVA, KANKARIYA CABIN, AHMEDABAD Jn
A171: 23 Jun | B171: 43568 | C171: 3 | D171: 0 | E171: 0 | F171: - | G171: - | H171: - | I171: - | J171: 0 | K171: No | L171: 0 | M171: BAJWA, RANOLI, LC-246, VASAD, ADAS ROAD, VADOD, LC-258, ANAND Jn, LC-264, KANJARI BORIYAVI, UTARSANDA, NADIAD, LC-278, GOTHAJ, LC-286, MAHEMDABAD AND KHEDA ROAD, LC-294, KANIJ, BAREJADI NANDEJ, GERATPUR, VATVA, KANKARIYA CABIN, AHMEDABAD Jn
A172: 23 Jun | B172: 43905 | C172: 6 | D172: 0 | E172: 0 | F172: - | G172: - | H172: - | I172: - | J172: 0 | K172: No | L172: 0 | M172: BAJWA, RANOLI, LC-246, VASAD, ADAS ROAD, VADOD, LC-258, ANAND Jn, LC-264, KANJARI BORIYAVI, UTARSANDA, NADIAD, LC-278, GOTHAJ, LC-286, MAHEMDABAD AND KHEDA ROAD, LC-294, KANIJ, BAREJADI NANDEJ, GERATPUR, VATVA, KANKARIYA CABIN, AHMEDABAD Jn
A173: 24 Jun | B173: 30770 | C173: 5778 | D173: 5778 | E173: 4919 | F173: 369934 | G173: 494966 | H173: 400398 | I173: 494310 | J173: =(I173-H173)/1000 | K173: Yes | L173: 23 | M173: - (full trip)
A174: 24 Jun | B174: 37183 | C174: 4018 | D174: 3998 | E174: 2402 | F174: 397592 | G174: 500975 | H174: 400404 | I174: 494311 | J174: =(I174-H174)/1000 | K174: Yes | L174: 23 | M174: - (full trip)
A175: 24 Jun | B175: 37504 | C175: 8737 | D175: 8737 | E175: 7009 | F175: 381413 | G175: 495788 | H175: 400399 | I175: 494310 | J175: =(I175-H175)/1000 | K175: Yes | L175: 23 | M175: - (full trip)
A176: 24 Jun | B176: 39030 | C176: 6133 | D176: 5993 | E176: 4825 | F176: 397724 | G176: 500972 | H176: 400403 | I176: 494309 | J176: =(I176-H176)/1000 | K176: Yes | L176: 23 | M176: - (full trip)
A177: 24 Jun | B177: 45027 | C177: 4176 | D177: 4165 | E177: 3696 | F177: 395495 | G177: 494986 | H177: 400403 | I177: 494311 | J177: =(I177-H177)/1000 | K177: Yes | L177: 23 | M177: - (full trip)
A178: 24 Jun | B178: 37217 | C178: 5243 | D178: 5243 | E178: 4357 | F178: 363412 | G178: 494978 | H178: 400411 | I178: 494311 | J178: =(I178-H178)/1000 | K178: Yes | L178: 23 | M178: - (full trip)
A179: 24 Jun | B179: 37350 | C179: 5253 | D179: 5253 | E179: 4148 | F179: 381426 | G179: 494980 | H179: 400412 | I179: 494311 | J179: =(I179-H179)/1000 | K179: Yes | L179: 23 | M179: - (full trip)
A180: 24 Jun | B180: 39466 | C180: 9104 | D180: 9104 | E180: 7409 | F180: 370236 | G180: 495465 | H180: 400408 | I180: 494311 | J180: =(I180-H180)/1000 | K180: Yes | L180: 23 | M180: - (full trip)
A181: 24 Jun | B181: 30472 | C181: 5477 | D181: 5477 | E181: 4598 | F181: 361594 | G181: 495807 | H181: 400418 | I181: 494312 | J181: =(I181-H181)/1000 | K181: Yes | L181: 23 | M181: - (full trip)
A182: 24 Jun | B182: 30480 | C182: 5360 | D182: 5360 | E182: 4411 | F182: 361511 | G182: 495809 | H182: 400425 | I182: 494310 | J182: =(I182-H182)/1000 | K182: Yes | L182: 23 | M182: - (full trip)
A183: 24 Jun | B183: 30814 | C183: 6148 | D183: 6148 | E183: 4787 | F183: 363271 | G183: 494979 | H183: 400422 | I183: 494311 | J183: =(I183-H183)/1000 | K183: Yes | L183: 23 | M183: - (full trip)
A184: 24 Jun | B184: 37793 | C184: 3733 | D184: 3733 | E184: 2917 | F184: 369985 | G184: 494980 | H184: 400428 | I184: 494312 | J184: =(I184-H184)/1000 | K184: Yes | L184: 23 | M184: - (full trip)
... A210: 24 Jun | B210: 37111 | C210: 1456 | D210: 1456 | E210: 299 | F210: 361814 | G210: 402373 | H210: 400398 | I210: 402373 | J210: =(I210-H210)/1000 | K210: Yes | L210: 1 | M210: RANOLI, LC-246, VASAD, ADAS ROAD, VADOD, LC-258, ANAND Jn, LC-264, KANJARI BORIYAVI, UTARSANDA, NADIAD, LC-278, GOTHAJ, LC-286, MAHEMDABAD AND KHEDA ROAD, LC-294, KANIJ, BAREJADI NANDEJ, GERATPUR, VATVA, KANKARIYA CABIN, AHMEDABAD Jn
A211: 24 Jun | B211: 30767 | C211: 871 | D211: 543 | E211: 0 | F211: 363455 | G211: 395850 | H211: - | I211: - | J211: 0 | K211: No | L211: 0 | M211: BAJWA, RANOLI, LC-246, VASAD, ADAS ROAD, VADOD, LC-258, ANAND Jn, LC-264, KANJARI BORIYAVI, UTARSANDA, NADIAD, LC-278, GOTHAJ, LC-286, MAHEMDABAD AND KHEDA ROAD, LC-294, KANIJ, BAREJADI NANDEJ, GERATPUR, VATVA, KANKARIYA CABIN, AHMEDABAD Jn
A212: 24 Jun | B212: 37813 | C212: 310 | D212: 310 | E212: 0 | F212: 369613 | G212: 395925 | H212: - | I212: - | J212: 0 | K212: No | L212: 0 | M212: BAJWA, RANOLI, LC-246, VASAD, ADAS ROAD, VADOD, LC-258, ANAND Jn, LC-264, KANJARI BORIYAVI, UTARSANDA, NADIAD, LC-278, GOTHAJ, LC-286, MAHEMDABAD AND KHEDA ROAD, LC-294, KANIJ, BAREJADI NANDEJ, GERATPUR, VATVA, KANKARIYA CABIN, AHMEDABAD Jn
A213: 24 Jun | B213: 39163 | C213: 130 | D213: 130 | E213: 0 | F213: 372137 | G213: 394804 | H213: - | I213: - | J213: 0 | K213: No | L213: 0 | M213: BAJWA, RANOLI, LC-246, VASAD, ADAS ROAD, VADOD, LC-258, ANAND Jn, LC-264, KANJARI BORIYAVI, UTARSANDA, NADIAD, LC-278, GOTHAJ, LC-286, MAHEMDABAD AND KHEDA ROAD, LC-294, KANIJ, BAREJADI NANDEJ, GERATPUR, VATVA, KANKARIYA CABIN, AHMEDABAD Jn
A214: 24 Jun | B214: 39214 | C214: 1 | D214: 0 | E214: 0 | F214: - | G214: - | H214: - | I214: - | J214: 0 | K214: No | L214: 0 | M214: BAJWA, RANOLI, LC-246, VASAD, ADAS ROAD, VADOD, LC-258, ANAND Jn, LC-264, KANJARI BORIYAVI, UTARSANDA, NADIAD, LC-278, GOTHAJ, LC-286, MAHEMDABAD AND KHEDA ROAD, LC-294, KANIJ, BAREJADI NANDEJ, GERATPUR, VATVA, KANKARIYA CABIN, AHMEDABAD Jn
A215: 24 Jun | B215: 39467 | C215: 1 | D215: 0 | E215: 0 | F215: - | G215: - | H215: - | I215: - | J215: 0 | K215: No | L215: 0 | M215: BAJWA, RANOLI, LC-246, VASAD, ADAS ROAD, VADOD, LC-258, ANAND Jn, LC-264, KANJARI BORIYAVI, UTARSANDA, NADIAD, LC-278, GOTHAJ, LC-286, MAHEMDABAD AND KHEDA ROAD, LC-294, KANIJ, BAREJADI NANDEJ, GERATPUR, VATVA, KANKARIYA CABIN, AHMEDABAD Jn
A216: 24 Jun | B216: 42322 | C216: 5 | D216: 0 | E216: 0 | F216: - | G216: - | H216: - | I216: - | J216: 0 | K216: No | L216: 0 | M216: BAJWA, RANOLI, LC-246, VASAD, ADAS ROAD, VADOD, LC-258, ANAND Jn, LC-264, KANJARI BORIYAVI, UTARSANDA, NADIAD, LC-278, GOTHAJ, LC-286, MAHEMDABAD AND KHEDA ROAD, LC-294, KANIJ, BAREJADI NANDEJ, GERATPUR, VATVA, KANKARIYA CABIN, AHMEDABAD Jn
...

Sheet Methodology
B1: Methodology
B3: Excluded | C3: Loco-days with 0 km in the section (abs never inside the section, i.e. no section travel) are dropped from the report, unless they completed a trip.
B4: No of Trips | C4: A direction-run covering within 5 km of its line length (DN 93.91 / UP 93.91 km) = one FULL trip; out-and-back = 2. A loco with >=1 full trip is 'valid' (its EBs count as Valid). KM Verification lists each loco-day's stations passed / not passed.
B5: Total KMs Run on Kavach | C5: Section coverage per loco = how far it travelled across the section = (max - min) of its abs within the section limits (400398-494312). Capped at the section length; 0 if the loco never reported inside the section.
B6: Availability (FS+OS) | C6: Packets in FS or OnSight ÷ all packets (all modes) × 100.
B7: Total EB | C7: EB events in LReg brake status; one continuous hold = 1 (lost-packet gaps bridged, new event only at a real release). Split into Valid (trip locos) / Non-Valid.
B8: Mode Degradation | C8: Each transition into LS or SR from a less-degraded mode, on the merged LReq+LReg timeline. Counts FS/OS/Trip/PostTrip/Standby→LS or SR and LS→SR; excludes NonLeading→LS/SR, FS→OS, recovery (→FS), spells outside the section, and spells with a >60s packet gap (loco stabled / out of coverage).
B9: EB diagnostics | C9: Speed at EB + flag a PG issue only if it jumps >=6 km/h vs the IMMEDIATELY preceding packet AND that packet is within 2 s of the EB (if the previous packet was lost, no PG flag); MA from SReg 'MA wrt Sig' + flag drop >500; Emergency from LReg.
B10: Ratios | C10: per Trip=÷Trips; per KM=÷KM; per 100 KM=÷KM×100; per Trip per 1000 KM=÷(Trips×KM/1000); per Trip per 100 KM=÷(Trips×KM/100).
