Workbook

Sheet Unified KPI
A1: WR — Kavach Unified KPI
A2: Period: Jun15 - Jun21 (custom) · all locomotives · one combined row
A4: Month | B4: Zone | C4: Section | D4: No Of Trips | E4: Total KMs Run On Kavach | F4: Availability (FS+OS) | G4: Total EB | H4: EB (Valid Trips) | I4: EB (Non-Valid Trips) | J4: EB per Trip | K4: EB per KM | L4: EB per 100 KM | M4: EB per Trip per 1000 KM | N4: Total Mode Degradation | O4: Mode Degradation per Trip | P4: Mode Degradation per KM | Q4: Mode Degradation per Trip per 100 KM | R4: Mode Degradation per 100 KM | S4: Undesirable EB | T4: UNIFIED KPI
A5: Jun15 - Jun21 (custom) | B5: WR | C5: 24000_ADI to 24051_BRC | D5: ='Daily Breakdown'!C279 | E5: ='Daily Breakdown'!D279 | F5: ='Daily Breakdown'!G279 | G5: ='Daily Breakdown'!H279 | H5: ='Daily Breakdown'!I279 | I5: ='Daily Breakdown'!J279 | J5: =IFERROR(G5/D5,0) | K5: =IFERROR(G5/E5,0) | L5: =IFERROR(G5/E5*100,0) | M5: =IFERROR(G5/(D5*E5/1000),0) | N5: ='Daily Breakdown'!K279 | O5: =IFERROR(N5/D5,0) | P5: =IFERROR(N5/E5,0) | Q5: =IFERROR(N5/(D5*E5/100),0) | R5: =IFERROR(N5/E5*100,0) | S5: 19 | T5: =ROUND(F5*(1-M5)*(1-Q5),2)

Sheet Daily Breakdown
A1: Daily Breakdown — by day and locomotive (all locos)
A2: Availability base excludes locos with FS+OS pkts = 0 (they are still listed; only the Total-pkts availability base drops them).
A3: Date | B3: Loco ID | C3: No of Trips | D3: Total KMs | E3: FS+OS pkts | F3: Total pkts | G3: Availability (FS+OS) | H3: Total EB | I3: EB (Valid) | J3: EB (Non-Valid) | K3: Mode Degradation
A4: 15 Jun | B4: 30533 | C4: 1 | D4: 93.32 | E4: 9062 | F4: 9378 | G4: =IF(F4=0,0,E4/F4*100) | H4: 0 | I4: 0 | J4: 0 | K4: 4
A5: 15 Jun | B5: 30791 | C5: 1 | D5: 93.91 | E5: 5664 | F5: 6816 | G5: =IF(F5=0,0,E5/F5*100) | H5: 0 | I5: 0 | J5: 0 | K5: 4
A6: 15 Jun | B6: 37955 | C6: 1 | D6: 93.32 | E6: 6281 | F6: 6421 | G6: =IF(F6=0,0,E6/F6*100) | H6: 0 | I6: 0 | J6: 0 | K6: 1
A7: 15 Jun | B7: 37339 | C7: 1 | D7: 90.56 | E7: 4831 | F7: 6118 | G7: =IF(F7=0,0,E7/F7*100) | H7: 0 | I7: 0 | J7: 0 | K7: 4
A8: 15 Jun | B8: 39236 | C8: 1 | D8: 93.91 | E8: 5508 | F8: 5967 | G8: =IF(F8=0,0,E8/F8*100) | H8: 0 | I8: 0 | J8: 0 | K8: 1
A9: 15 Jun | B9: 37577 | C9: 1 | D9: 93.86 | E9: 4797 | F9: 5858 | G9: =IF(F9=0,0,E9/F9*100) | H9: 4 | I9: 4 | J9: 0 | K9: 6
A10: 15 Jun | B10: 39131 | C10: 1 | D10: 93.89 | E10: 4697 | F10: 5772 | G10: =IF(F10=0,0,E10/F10*100) | H10: 0 | I10: 0 | J10: 0 | K10: 3
A11: 15 Jun | B11: 37884 | C11: 1 | D11: 93.89 | E11: 4767 | F11: 5507 | G11: =IF(F11=0,0,E11/F11*100) | H11: 0 | I11: 0 | J11: 0 | K11: 2
A12: 15 Jun | B12: 37277 | C12: 1 | D12: 93.88 | E12: 4585 | F12: 5377 | G12: =IF(F12=0,0,E12/F12*100) | H12: 0 | I12: 0 | J12: 0 | K12: 2
A13: 15 Jun | B13: 37566 | C13: 1 | D13: 93.87 | E13: 4229 | F13: 4931 | G13: =IF(F13=0,0,E13/F13*100) | H13: 0 | I13: 0 | J13: 0 | K13: 3
A14: 15 Jun | B14: 37453 | C14: 1 | D14: 93.91 | E14: 4002 | F14: 4834 | G14: =IF(F14=0,0,E14/F14*100) | H14: 0 | I14: 0 | J14: 0 | K14: 3
A15: 15 Jun | B15: 30823 | C15: 1 | D15: 93.89 | E15: 4125 | F15: 4692 | G15: =IF(F15=0,0,E15/F15*100) | H15: 0 | I15: 0 | J15: 0 | K15: 2
... A37: 15 Jun | B37: 51347 | C37: 0 | D37: 1.08 | E37: 46 | F37: 50 | G37: =IF(F37=0,0,E37/F37*100) | H37: 0 | I37: 0 | J37: 0 | K37: 1
A38: 15 Jun | B38: Day Total | C38: =SUM(C4:C37) | D38: =SUM(D4:D37) | E38: =SUM(E4:E37) | F38: =SUMIF(E4:E37,">0",F4:F37) | G38: =IF(F38=0,0,E38/F38*100) | H38: =SUM(H4:H37) | I38: =SUM(I4:I37) | J38: =SUM(J4:J37) | K38: =SUM(K4:K37)
A39: 16 Jun | B39: 39236 | C39: 2 | D39: 93.91 | E39: 9026 | F39: 14624 | G39: =IF(F39=0,0,E39/F39*100) | H39: 0 | I39: 0 | J39: 0 | K39: 5
A40: 16 Jun | B40: 37507 | C40: 2 | D40: 93.91 | E40: 10066 | F40: 11576 | G40: =IF(F40=0,0,E40/F40*100) | H40: 0 | I40: 0 | J40: 0 | K40: 5
A41: 16 Jun | B41: 39047 | C41: 2 | D41: 93.9 | E41: 8395 | F41: 10010 | G41: =IF(F41=0,0,E41/F41*100) | H41: 0 | I41: 0 | J41: 0 | K41: 4
A42: 16 Jun | B42: 39235 | C42: 2 | D42: 93.06 | E42: 7314 | F42: 9428 | G42: =IF(F42=0,0,E42/F42*100) | H42: 0 | I42: 0 | J42: 0 | K42: 5
A43: 16 Jun | B43: 30791 | C43: 2 | D43: 93.89 | E43: 7882 | F43: 8954 | G43: =IF(F43=0,0,E43/F43*100) | H43: 0 | I43: 0 | J43: 0 | K43: 5
A44: 16 Jun | B44: 39028 | C44: 1 | D44: 93.89 | E44: 5288 | F44: 6175 | G44: =IF(F44=0,0,E44/F44*100) | H44: 0 | I44: 0 | J44: 0 | K44: 3
A45: 16 Jun | B45: 42010 | C45: 1 | D45: 93.86 | E45: 5066 | F45: 6095 | G45: =IF(F45=0,0,E45/F45*100) | H45: 1 | I45: 1 | J45: 0 | K45: 4
A46: 16 Jun | B46: 37396 | C46: 1 | D46: 93.89 | E46: 4948 | F46: 5804 | G46: =IF(F46=0,0,E46/F46*100) | H46: 0 | I46: 0 | J46: 0 | K46: 3
A47: 16 Jun | B47: 37050 | C47: 1 | D47: 93.32 | E47: 5534 | F47: 5658 | G47: =IF(F47=0,0,E47/F47*100) | H47: 0 | I47: 0 | J47: 0 | K47: 1
A48: 16 Jun | B48: 30480 | C48: 1 | D48: 93.89 | E48: 4793 | F48: 5612 | G48: =IF(F48=0,0,E48/F48*100) | H48: 0 | I48: 0 | J48: 0 | K48: 3
A49: 16 Jun | B49: 39514 | C49: 1 | D49: 93.89 | E49: 4273 | F49: 5155 | G49: =IF(F49=0,0,E49/F49*100) | H49: 0 | I49: 0 | J49: 0 | K49: 3
A50: 16 Jun | B50: 37684 | C50: 1 | D50: 93.89 | E50: 3852 | F50: 5136 | G50: =IF(F50=0,0,E50/F50*100) | H50: 0 | I50: 0 | J50: 0 | K50: 3
... A73: 16 Jun | B73: 30083 | C73: 0 | D73: 5.55 | E73: 0 | F73: 8 | G73: =IF(F73=0,0,E73/F73*100) | H73: 0 | I73: 0 | J73: 0 | K73: 0
A74: 16 Jun | B74: Day Total | C74: =SUM(C39:C73) | D74: =SUM(D39:D73) | E74: =SUM(E39:E73) | F74: =SUMIF(E39:E73,">0",F39:F73) | G74: =IF(F74=0,0,E74/F74*100) | H74: =SUM(H39:H73) | I74: =SUM(I39:I73) | J74: =SUM(J39:J73) | K74: =SUM(K39:K73)
A75: 17 Jun | B75: 37818 | C75: 2 | D75: 93.32 | E75: 11441 | F75: 11840 | G75: =IF(F75=0,0,E75/F75*100) | H75: 0 | I75: 0 | J75: 0 | K75: 4
A76: 17 Jun | B76: 30473 | C76: 2 | D76: 93.88 | E76: 9506 | F76: 11106 | G76: =IF(F76=0,0,E76/F76*100) | H76: 0 | I76: 0 | J76: 0 | K76: 5
A77: 17 Jun | B77: 37277 | C77: 2 | D77: 93.9 | E77: 8820 | F77: 10219 | G77: =IF(F77=0,0,E77/F77*100) | H77: 0 | I77: 0 | J77: 0 | K77: 5
A78: 17 Jun | B78: 37337 | C78: 2 | D78: 93.88 | E78: 7599 | F78: 8820 | G78: =IF(F78=0,0,E78/F78*100) | H78: 0 | I78: 0 | J78: 0 | K78: 7
A79: 17 Jun | B79: 37350 | C79: 2 | D79: 93.9 | E79: 7479 | F79: 8682 | G79: =IF(F79=0,0,E79/F79*100) | H79: 0 | I79: 0 | J79: 0 | K79: 8
A80: 17 Jun | B80: 37087 | C80: 1 | D80: 93.9 | E80: 6693 | F80: 8062 | G80: =IF(F80=0,0,E80/F80*100) | H80: 0 | I80: 0 | J80: 0 | K80: 3
A81: 17 Jun | B81: 37086 | C81: 1 | D81: 93.31 | E81: 7510 | F81: 8016 | G81: =IF(F81=0,0,E81/F81*100) | H81: 0 | I81: 0 | J81: 0 | K81: 2
A82: 17 Jun | B82: 39260 | C82: 1 | D82: 93.91 | E82: 5168 | F82: 7027 | G82: =IF(F82=0,0,E82/F82*100) | H82: 0 | I82: 0 | J82: 0 | K82: 3
A83: 17 Jun | B83: 37884 | C83: 1 | D83: 93.91 | E83: 5317 | F83: 6425 | G83: =IF(F83=0,0,E83/F83*100) | H83: 0 | I83: 0 | J83: 0 | K83: 3
A84: 17 Jun | B84: 39066 | C84: 1 | D84: 93.9 | E84: 5113 | F84: 6029 | G84: =IF(F84=0,0,E84/F84*100) | H84: 0 | I84: 0 | J84: 0 | K84: 3
A85: 17 Jun | B85: 37560 | C85: 1 | D85: 93.31 | E85: 5776 | F85: 5875 | G85: =IF(F85=0,0,E85/F85*100) | H85: 0 | I85: 0 | J85: 0 | K85: 1
A86: 17 Jun | B86: 39131 | C86: 1 | D86: 93.9 | E86: 4442 | F86: 5580 | G86: =IF(F86=0,0,E86/F86*100) | H86: 0 | I86: 0 | J86: 0 | K86: 4
... A112: 17 Jun | B112: 30415 | C112: 0 | D112: 0.47 | E112: 64 | F112: 737 | G112: =IF(F112=0,0,E112/F112*100) | H112: 0 | I112: 0 | J112: 0 | K112: 0
A113: 17 Jun | B113: Day Total | C113: =SUM(C75:C112) | D113: =SUM(D75:D112) | E113: =SUM(E75:E112) | F113: =SUMIF(E75:E112,">0",F75:F112) | G113: =IF(F113=0,0,E113/F113*100) | H113: =SUM(H75:H112) | I113: =SUM(I75:I112) | J113: =SUM(J75:J112) | K113: =SUM(K75:K112)
A114: 18 Jun | B114: 30531 | C114: 2 | D114: 93.91 | E114: 8902 | F114: 10398 | G114: =IF(F114=0,0,E114/F114*100) | H114: 0 | I114: 0 | J114: 0 | K114: 5
A115: 18 Jun | B115: 39311 | C115: 2 | D115: 93.9 | E115: 8391 | F115: 9777 | G115: =IF(F115=0,0,E115/F115*100) | H115: 0 | I115: 0 | J115: 0 | K115: 5
A116: 18 Jun | B116: 30460 | C116: 2 | D116: 93.91 | E116: 8546 | F116: 9606 | G116: =IF(F116=0,0,E116/F116*100) | H116: 1 | I116: 1 | J116: 0 | K116: 6
A117: 18 Jun | B117: 37934 | C117: 1 | D117: 90.89 | E117: 8733 | F117: 9148 | G117: =IF(F117=0,0,E117/F117*100) | H117: 1 | I117: 1 | J117: 0 | K117: 7
A118: 18 Jun | B118: 30823 | C118: 1 | D118: 93.87 | E118: 6552 | F118: 7402 | G118: =IF(F118=0,0,E118/F118*100) | H118: 0 | I118: 0 | J118: 0 | K118: 2
A119: 18 Jun | B119: 37339 | C119: 1 | D119: 93.91 | E119: 5721 | F119: 6296 | G119: =IF(F119=0,0,E119/F119*100) | H119: 0 | I119: 0 | J119: 0 | K119: 3
A120: 18 Jun | B120: 37577 | C120: 1 | D120: 93.9 | E120: 5210 | F120: 6162 | G120: =IF(F120=0,0,E120/F120*100) | H120: 0 | I120: 0 | J120: 0 | K120: 2
A121: 18 Jun | B121: 30173 | C121: 1 | D121: 93.89 | E121: 4774 | F121: 5286 | G121: =IF(F121=0,0,E121/F121*100) | H121: 0 | I121: 0 | J121: 0 | K121: 4
A122: 18 Jun | B122: 30606 | C122: 1 | D122: 93.89 | E122: 4543 | F122: 5274 | G122: =IF(F122=0,0,E122/F122*100) | H122: 0 | I122: 0 | J122: 0 | K122: 4
A123: 18 Jun | B123: 37453 | C123: 1 | D123: 93.9 | E123: 4138 | F123: 5061 | G123: =IF(F123=0,0,E123/F123*100) | H123: 0 | I123: 0 | J123: 0 | K123: 3
A124: 18 Jun | B124: 30153 | C124: 1 | D124: 93.89 | E124: 4305 | F124: 5012 | G124: =IF(F124=0,0,E124/F124*100) | H124: 0 | I124: 0 | J124: 0 | K124: 4
A125: 18 Jun | B125: 39131 | C125: 1 | D125: 93.88 | E125: 4497 | F125: 4936 | G125: =IF(F125=0,0,E125/F125*100) | H125: 0 | I125: 0 | J125: 0 | K125: 1
... A143: 18 Jun | B143: 37286 | C143: 0 | D143: 0.19 | E143: 4 | F143: 4 | G143: =IF(F143=0,0,E143/F143*100) | H143: 0 | I143: 0 | J143: 0 | K143: 0
A144: 18 Jun | B144: Day Total | C144: =SUM(C114:C143) | D144: =SUM(D114:D143) | E144: =SUM(E114:E143) | F144: =SUMIF(E114:E143,">0",F114:F143) | G144: =IF(F144=0,0,E144/F144*100) | H144: =SUM(H114:H143) | I144: =SUM(I114:I143) | J144: =SUM(J114:J143) | K144: =SUM(K114:K143)
A145: 19 Jun | B145: 37505 | C145: 2 | D145: 93.9 | E145: 8796 | F145: 10217 | G145: =IF(F145=0,0,E145/F145*100) | H145: 0 | I145: 0 | J145: 0 | K145: 8
A146: 19 Jun | B146: 37385 | C146: 1 | D146: 93.31 | E146: 8093 | F146: 8323 | G146: =IF(F146=0,0,E146/F146*100) | H146: 0 | I146: 0 | J146: 0 | K146: 3
A147: 19 Jun | B147: 37163 | C147: 1 | D147: 93.31 | E147: 7969 | F147: 8283 | G147: =IF(F147=0,0,E147/F147*100) | H147: 1 | I147: 1 | J147: 0 | K147: 2
A148: 19 Jun | B148: 30791 | C148: 1 | D148: 93.91 | E148: 6241 | F148: 7814 | G148: =IF(F148=0,0,E148/F148*100) | H148: 0 | I148: 0 | J148: 0 | K148: 4
A149: 19 Jun | B149: 39214 | C149: 1 | D149: 93.91 | E149: 6090 | F149: 7715 | G149: =IF(F149=0,0,E149/F149*100) | H149: 0 | I149: 0 | J149: 0 | K149: 2
A150: 19 Jun | B150: 30062 | C150: 1 | D150: 90.89 | E150: 6784 | F150: 7287 | G150: =IF(F150=0,0,E150/F150*100) | H150: 0 | I150: 0 | J150: 0 | K150: 2
A151: 19 Jun | B151: 37956 | C151: 1 | D151: 93.9 | E151: 5434 | F151: 6518 | G151: =IF(F151=0,0,E151/F151*100) | H151: 0 | I151: 0 | J151: 0 | K151: 3
A152: 19 Jun | B152: 30637 | C152: 1 | D152: 93.87 | E152: 5013 | F152: 6034 | G152: =IF(F152=0,0,E152/F152*100) | H152: 0 | I152: 0 | J152: 0 | K152: 3
A153: 19 Jun | B153: 39514 | C153: 1 | D153: 93.87 | E153: 5433 | F153: 5960 | G153: =IF(F153=0,0,E153/F153*100) | H153: 0 | I153: 0 | J153: 0 | K153: 5
A154: 19 Jun | B154: 37248 | C154: 1 | D154: 93.32 | E154: 5749 | F154: 5960 | G154: =IF(F154=0,0,E154/F154*100) | H154: 0 | I154: 0 | J154: 0 | K154: 4
A155: 19 Jun | B155: 30066 | C155: 1 | D155: 93.89 | E155: 5120 | F155: 5954 | G155: =IF(F155=0,0,E155/F155*100) | H155: 0 | I155: 0 | J155: 0 | K155: 2
A156: 19 Jun | B156: 39235 | C156: 1 | D156: 93.89 | E156: 5046 | F156: 5565 | G156: =IF(F156=0,0,E156/F156*100) | H156: 0 | I156: 0 | J156: 0 | K156: 3
... A193: 19 Jun | B193: 39200 | C193: 0 | D193: 6.3 | E193: 0 | F193: 58 | G193: =IF(F193=0,0,E193/F193*100) | H193: 0 | I193: 0 | J193: 0 | K193: 0
A194: 19 Jun | B194: Day Total | C194: =SUM(C145:C193) | D194: =SUM(D145:D193) | E194: =SUM(E145:E193) | F194: =SUMIF(E145:E193,">0",F145:F193) | G194: =IF(F194=0,0,E194/F194*100) | H194: =SUM(H145:H193) | I194: =SUM(I145:I193) | J194: =SUM(J145:J193) | K194: =SUM(K145:K193)
A195: 20 Jun | B195: 39214 | C195: 2 | D195: 93.9 | E195: 7024 | F195: 8407 | G195: =IF(F195=0,0,E195/F195*100) | H195: 1 | I195: 1 | J195: 0 | K195: 4
A196: 20 Jun | B196: 37350 | C196: 2 | D196: 93.91 | E196: 6782 | F196: 8401 | G196: =IF(F196=0,0,E196/F196*100) | H196: 0 | I196: 0 | J196: 0 | K196: 5
A197: 20 Jun | B197: 39258 | C197: 1 | D197: 90.88 | E197: 9818 | F197: 10373 | G197: =IF(F197=0,0,E197/F197*100) | H197: 0 | I197: 0 | J197: 0 | K197: 3
A198: 20 Jun | B198: 30533 | C198: 1 | D198: 93.32 | E198: 8636 | F198: 8848 | G198: =IF(F198=0,0,E198/F198*100) | H198: 0 | I198: 0 | J198: 0 | K198: 3
A199: 20 Jun | B199: 30480 | C199: 1 | D199: 93.88 | E199: 5378 | F199: 6395 | G199: =IF(F199=0,0,E199/F199*100) | H199: 0 | I199: 0 | J199: 0 | K199: 3
A200: 20 Jun | B200: 39311 | C200: 1 | D200: 93.9 | E200: 5062 | F200: 6007 | G200: =IF(F200=0,0,E200/F200*100) | H200: 0 | I200: 0 | J200: 0 | K200: 3
A201: 20 Jun | B201: 30531 | C201: 1 | D201: 93.91 | E201: 4576 | F201: 5700 | G201: =IF(F201=0,0,E201/F201*100) | H201: 0 | I201: 0 | J201: 0 | K201: 3
A202: 20 Jun | B202: 37471 | C202: 1 | D202: 93.88 | E202: 4762 | F202: 5596 | G202: =IF(F202=0,0,E202/F202*100) | H202: 0 | I202: 0 | J202: 0 | K202: 3
A203: 20 Jun | B203: 37956 | C203: 1 | D203: 93.9 | E203: 4771 | F203: 5590 | G203: =IF(F203=0,0,E203/F203*100) | H203: 0 | I203: 0 | J203: 0 | K203: 5
A204: 20 Jun | B204: 37206 | C204: 1 | D204: 93.91 | E204: 3694 | F204: 5556 | G204: =IF(F204=0,0,E204/F204*100) | H204: 0 | I204: 0 | J204: 0 | K204: 3
A205: 20 Jun | B205: 39066 | C205: 1 | D205: 93.9 | E205: 4339 | F205: 5304 | G205: =IF(F205=0,0,E205/F205*100) | H205: 0 | I205: 0 | J205: 0 | K205: 2
A206: 20 Jun | B206: 30606 | C206: 1 | D206: 93.91 | E206: 4170 | F206: 5290 | G206: =IF(F206=0,0,E206/F206*100) | H206: 0 | I206: 0 | J206: 0 | K206: 4
... A233: 20 Jun | B233: 30176 | C233: 0 | D233: 33.28 | E233: 0 | F233: 135 | G233: =IF(F233=0,0,E233/F233*100) | H233: 0 | I233: 0 | J233: 0 | K233: 0
A234: 20 Jun | B234: Day Total | C234: =SUM(C195:C233) | D234: =SUM(D195:D233) | E234: =SUM(E195:E233) | F234: =SUMIF(E195:E233,">0",F195:F233) | G234: =IF(F234=0,0,E234/F234*100) | H234: =SUM(H195:H233) | I234: =SUM(I195:I233) | J234: =SUM(J195:J233) | K234: =SUM(K195:K233)
A235: 21 Jun | B235: 37503 | C235: 2 | D235: 93.9 | E235: 8128 | F235: 9667 | G235: =IF(F235=0,0,E235/F235*100) | H235: 0 | I235: 0 | J235: 0 | K235: 5
A236: 21 Jun | B236: 37793 | C236: 1 | D236: 93.87 | E236: 8230 | F236: 9139 | G236: =IF(F236=0,0,E236/F236*100) | H236: 0 | I236: 0 | J236: 0 | K236: 6
A237: 21 Jun | B237: 37275 | C237: 1 | D237: 93.32 | E237: 7765 | F237: 8083 | G237: =IF(F237=0,0,E237/F237*100) | H237: 0 | I237: 0 | J237: 0 | K237: 5
A238: 21 Jun | B238: 37818 | C238: 1 | D238: 93.32 | E238: 7296 | F238: 7569 | G238: =IF(F238=0,0,E238/F238*100) | H238: 0 | I238: 0 | J238: 0 | K238: 4
A239: 21 Jun | B239: 39311 | C239: 1 | D239: 91.7 | E239: 6892 | F239: 7222 | G239: =IF(F239=0,0,E239/F239*100) | H239: 0 | I239: 0 | J239: 0 | K239: 2
A240: 21 Jun | B240: 39287 | C240: 1 | D240: 93.91 | E240: 6594 | F240: 7017 | G240: =IF(F240=0,0,E240/F240*100) | H240: 0 | I240: 0 | J240: 0 | K240: 3
A241: 21 Jun | B241: 30065 | C241: 1 | D241: 90.88 | E241: 6546 | F241: 6897 | G241: =IF(F241=0,0,E241/F241*100) | H241: 0 | I241: 0 | J241: 0 | K241: 1
A242: 21 Jun | B242: 30814 | C242: 1 | D242: 93.91 | E242: 5552 | F242: 6726 | G242: =IF(F242=0,0,E242/F242*100) | H242: 0 | I242: 0 | J242: 0 | K242: 3
A243: 21 Jun | B243: 30476 | C243: 1 | D243: 93.89 | E243: 4544 | F243: 6629 | G243: =IF(F243=0,0,E243/F243*100) | H243: 0 | I243: 0 | J243: 0 | K243: 3
A244: 21 Jun | B244: 33715 | C244: 1 | D244: 93.86 | E244: 5244 | F244: 5891 | G244: =IF(F244=0,0,E244/F244*100) | H244: 0 | I244: 0 | J244: 0 | K244: 3
A245: 21 Jun | B245: 30791 | C245: 1 | D245: 93.91 | E245: 3984 | F245: 5516 | G245: =IF(F245=0,0,E245/F245*100) | H245: 0 | I245: 0 | J245: 0 | K245: 3
A246: 21 Jun | B246: 37074 | C246: 1 | D246: 93.31 | E246: 5376 | F246: 5502 | G246: =IF(F246=0,0,E246/F246*100) | H246: 0 | I246: 0 | J246: 0 | K246: 1
... A277: 21 Jun | B277: 30176 | C277: 0 | D277: 59.67 | E277: 0 | F277: 28 | G277: =IF(F277=0,0,E277/F277*100) | H277: 0 | I277: 0 | J277: 0 | K277: 0
...

Sheet EB Detail
A1: EB Detail — every Emergency-Brake event, with speed / MA / Emergency diagnostics + undesirable classification
A3: Total EB = 20 · Valid trips = 13 · Non-valid trips = 7 · Undesirable = 19
A5: Date | B5: Loco ID | C5: Trip Type | D5: Onset | E5: End | F5: Duration (s) | G5: EB Packets | H5: Max Speed | I5: Mode @onset | J5: Location (km) | K5: Dir | L5: Station | M5: Speed at EB (PG check) | N5: MA wrt Sig | O5: Emergency (LReg) | P5: Suspected Reason (undesirable)
A6: 15 Jun | B6: 37577 | C6: Valid | D6: 04:30:56 | E6: 04:32:30 | F6: 94 | G6: 48 | H6: 107 | I6: TRIP | J6: 470.41 | K6: N | L6: LC-294 | M6: 107 km/h | N6: n/a | O6: - | P6: Trip mode
A7: 15 Jun | B7: 37577 | C7: Valid | D7: 04:34:46 | E7: 04:34:48 | F7: 2 | G7: 2 | H7: 0 | I7: POSTTRIP | J7: 471.1 | K7: N | L7: LC-294 | M7: 0 km/h | N7: 0 | O7: - | P7: EB at 0-1 km/h
A8: 15 Jun | B8: 37577 | C8: Valid | D8: 04:36:32 | E8: 04:36:32 | F8: 0 | G8: 1 | H8: 0 | I8: POSTTRIP | J8: 471.1 | K8: N | L8: LC-294 | M8: 0 km/h | N8: 0 | O8: - | P8: EB at 0-1 km/h
A9: 15 Jun | B9: 37577 | C9: Valid | D9: 04:36:36 | E9: 04:36:36 | F9: 0 | G9: 1 | H9: 0 | I9: POSTTRIP | J9: 471.1 | K9: N | L9: LC-294 | M9: 0 km/h | N9: 0 | O9: - | P9: EB at 0-1 km/h
A10: 16 Jun | B10: 42010 | C10: Valid | D10: 09:20:34 | E10: 09:20:52 | F10: 18 | G10: 10 | H10: 54 | I10: SR | J10: 458.48 | K10: U | L10: GOTHAJ | M10: 54 km/h | N10: 5820 | O10: - | P10: FS->SR degradation + EB
A11: 16 Jun | B11: 37277 | C11: Valid | D11: 20:02:54 | E11: 20:03:56 | F11: 62 | G11: 32 | H11: 10 | I11: Failure | J11: 494.31 | K11: R | L11: AHMEDABAD Jn | M11: 10 km/h | N11: 2524 | O11: - | P11: Failure mode
A12: 17 Jun | B12: 39287 | C12: Non-Valid | D12: 01:39:32 | E12: 01:40:12 | F12: 40 | G12: 21 | H12: 0 | I12: TRIP | J12: 433.7 | K12: R | L12: ANAND Jn | M12: 0 km/h | N12: 0 | O12: - | P12: EB at 0-1 km/h; Trip mode
A13: 17 Jun | B13: 39287 | C13: Non-Valid | D13: 01:41:32 | E13: 01:41:32 | F13: 0 | G13: 1 | H13: 0 | I13: POSTTRIP | J13: 433.7 | K13: R | L13: ANAND Jn | M13: 0 km/h | N13: 0 | O13: - | P13: EB at 0-1 km/h
A14: 17 Jun | B14: 30829 | C14: Non-Valid | D14: 03:54:24 | E14: 03:56:14 | F14: 110 | G14: 47 | H14: 86 | I14: TRIP | J14: 447.98 | K14: R | L14: NADIAD | M14: 86 km/h | N14: 0 MA dropped from 1051 to 0. | O14: - | P14: Sudden MA drop; Emergency: SOS; Trip mode
A15: 18 Jun | B15: 37934 | C15: Valid | D15: 21:02:40 | E15: 21:02:56 | F15: 16 | G15: 9 | H15: 8 | I15: TRIP | J15: 494.54 | K15: N | L15: AHMEDABAD Jn | M15: 8 km/h | N15: 0 MA dropped from 1075 to 0. | O15: - | P15: Sudden MA drop; Trip mode
A16: 18 Jun | B16: 30460 | C16: Valid | D16: 22:23:38 | E16: 22:23:58 | F16: 20 | G16: 10 | H16: 55 | I16: TRIP | J16: 401.31 | K16: R | L16: BAJWA | M16: 55 km/h | N16: 1153 | O16: - | P16: Trip mode
A17: 19 Jun | B17: 37670 | C17: Valid | D17: 12:38:48 | E17: 12:38:58 | F17: 10 | G17: 6 | H17: 28 | I17: SR | J17: 407.89 | K17: U | L17: RANOLI | M17: 28 km/h | N17: 5395 | O17: - | P17: FS->SR degradation + EB
... A25: 20 Jun | B25: 37248 | C25: Valid | D25: 18:54:54 | E25: 18:54:58 | F25: 4 | G25: 3 | H25: 55 | I25: FS | J25: 488.72 | K25: R | L25: VATVA | M25: 55 km/h | N25: 1637 | O25: - | P25: -

Sheet KM Verification
A1: KM Verification - KM = (In-section Max Abs - In-section Min Abs) / 1000
A2: Section window: abs 400398 - 494312 (24000_ADI to 24051_BRC). Only positions inside this window count; 8388607 'unknown' is excluded. 'In Report'=No means no in-section travel (dropped).
A4: Date | B4: Loco ID | C4: Total pkts | D4: Valid-abs pkts | E4: In-section pkts | F4: Raw Min Abs | G4: Raw Max Abs | H4: In-sec Min Abs | I4: In-sec Max Abs | J4: KM = (Max-Min)/1000 | K4: In Report? | L4: Stations Passed (of 23) | M4: Stations Not Passed (if < full trip)
A5: 15 Jun | B5: 30791 | C5: 6816 | D5: 6816 | E5: 5691 | F5: 370107 | G5: 494969 | H5: 400402 | I5: 494310 | J5: =(I5-H5)/1000 | K5: Yes | L5: 23 | M5: - (full trip)
A6: 15 Jun | B6: 37453 | C6: 4834 | D6: 4834 | E6: 3795 | F6: 369889 | G6: 494980 | H6: 400406 | I6: 494312 | J6: =(I6-H6)/1000 | K6: Yes | L6: 23 | M6: - (full trip)
A7: 15 Jun | B7: 39236 | C7: 5967 | D7: 5967 | E7: 5418 | F7: 398295 | G7: 495787 | H7: 400403 | I7: 494312 | J7: =(I7-H7)/1000 | K7: Yes | L7: 23 | M7: - (full trip)
A8: 15 Jun | B8: 30472 | C8: 4422 | D8: 4422 | E8: 3635 | F8: 381183 | G8: 494931 | H8: 400409 | I8: 494312 | J8: =(I8-H8)/1000 | K8: Yes | L8: 23 | M8: - (full trip)
A9: 15 Jun | B9: 37830 | C9: 3725 | D9: 3725 | E9: 3267 | F9: 395500 | G9: 494976 | H9: 400408 | I9: 494312 | J9: =(I9-H9)/1000 | K9: Yes | L9: 23 | M9: - (full trip)
A10: 15 Jun | B10: 30330 | C10: 4044 | D10: 4029 | E10: 3306 | F10: 375137 | G10: 495017 | H10: 400420 | I10: 494312 | J10: =(I10-H10)/1000 | K10: Yes | L10: 23 | M10: - (full trip)
A11: 15 Jun | B11: 30823 | C11: 4692 | D11: 4692 | E11: 3627 | F11: 363219 | G11: 495780 | H11: 400421 | I11: 494309 | J11: =(I11-H11)/1000 | K11: Yes | L11: 23 | M11: - (full trip)
A12: 15 Jun | B12: 37884 | C12: 5507 | D12: 5507 | E12: 4477 | F12: 370020 | G12: 495808 | H12: 400424 | I12: 494312 | J12: =(I12-H12)/1000 | K12: Yes | L12: 23 | M12: - (full trip)
A13: 15 Jun | B13: 39131 | C13: 5772 | D13: 5772 | E13: 4227 | F13: 368159 | G13: 495811 | H13: 400425 | I13: 494312 | J13: =(I13-H13)/1000 | K13: Yes | L13: 23 | M13: - (full trip)
A14: 15 Jun | B14: 37277 | C14: 5377 | D14: 5377 | E14: 4215 | F14: 370509 | G14: 495804 | H14: 400435 | I14: 494311 | J14: =(I14-H14)/1000 | K14: Yes | L14: 23 | M14: - (full trip)
A15: 15 Jun | B15: 37566 | C15: 4931 | D15: 4931 | E15: 3937 | F15: 360712 | G15: 495784 | H15: 400436 | I15: 494308 | J15: =(I15-H15)/1000 | K15: Yes | L15: 23 | M15: - (full trip)
A16: 15 Jun | B16: 37577 | C16: 5858 | D16: 5858 | E16: 4607 | F16: 369513 | G16: 495805 | H16: 400443 | I16: 494308 | J16: =(I16-H16)/1000 | K16: Yes | L16: 23 | M16: - (full trip)
... A38: 15 Jun | B38: 39235 | C38: 471 | D38: 471 | E38: 220 | F38: 493488 | G38: 495008 | H38: 493488 | I38: 494312 | J38: =(I38-H38)/1000 | K38: Yes | L38: 2 | M38: BAJWA, RANOLI, LC-246, VASAD, ADAS ROAD, VADOD, LC-258, ANAND Jn, LC-264, KANJARI BORIYAVI, UTARSANDA, NADIAD, LC-278, GOTHAJ, LC-286, MAHEMDABAD AND KHEDA ROAD, LC-294, KANIJ, BAREJADI NANDEJ, GERATPUR, VATVA
A39: 15 Jun | B39: 120850 | C39: 1087 | D39: 1049 | E39: 0 | F39: 510423 | G39: 515339 | H39: - | I39: - | J39: 0 | K39: No | L39: 0 | M39: BAJWA, RANOLI, LC-246, VASAD, ADAS ROAD, VADOD, LC-258, ANAND Jn, LC-264, KANJARI BORIYAVI, UTARSANDA, NADIAD, LC-278, GOTHAJ, LC-286, MAHEMDABAD AND KHEDA ROAD, LC-294, KANIJ, BAREJADI NANDEJ, GERATPUR, VATVA, KANKARIYA CABIN, AHMEDABAD Jn
A40: 15 Jun | B40: 33715 | C40: 5 | D40: 0 | E40: 0 | F40: - | G40: - | H40: - | I40: - | J40: 0 | K40: No | L40: 0 | M40: BAJWA, RANOLI, LC-246, VASAD, ADAS ROAD, VADOD, LC-258, ANAND Jn, LC-264, KANJARI BORIYAVI, UTARSANDA, NADIAD, LC-278, GOTHAJ, LC-286, MAHEMDABAD AND KHEDA ROAD, LC-294, KANIJ, BAREJADI NANDEJ, GERATPUR, VATVA, KANKARIYA CABIN, AHMEDABAD Jn
A41: 15 Jun | B41: 37087 | C41: 6 | D41: 0 | E41: 0 | F41: - | G41: - | H41: - | I41: - | J41: 0 | K41: No | L41: 0 | M41: BAJWA, RANOLI, LC-246, VASAD, ADAS ROAD, VADOD, LC-258, ANAND Jn, LC-264, KANJARI BORIYAVI, UTARSANDA, NADIAD, LC-278, GOTHAJ, LC-286, MAHEMDABAD AND KHEDA ROAD, LC-294, KANIJ, BAREJADI NANDEJ, GERATPUR, VATVA, KANKARIYA CABIN, AHMEDABAD Jn
A42: 15 Jun | B42: 37491 | C42: 18 | D42: 0 | E42: 0 | F42: - | G42: - | H42: - | I42: - | J42: 0 | K42: No | L42: 0 | M42: BAJWA, RANOLI, LC-246, VASAD, ADAS ROAD, VADOD, LC-258, ANAND Jn, LC-264, KANJARI BORIYAVI, UTARSANDA, NADIAD, LC-278, GOTHAJ, LC-286, MAHEMDABAD AND KHEDA ROAD, LC-294, KANIJ, BAREJADI NANDEJ, GERATPUR, VATVA, KANKARIYA CABIN, AHMEDABAD Jn
A43: 15 Jun | B43: 37855 | C43: 24 | D43: 0 | E43: 0 | F43: - | G43: - | H43: - | I43: - | J43: 0 | K43: No | L43: 0 | M43: BAJWA, RANOLI, LC-246, VASAD, ADAS ROAD, VADOD, LC-258, ANAND Jn, LC-264, KANJARI BORIYAVI, UTARSANDA, NADIAD, LC-278, GOTHAJ, LC-286, MAHEMDABAD AND KHEDA ROAD, LC-294, KANIJ, BAREJADI NANDEJ, GERATPUR, VATVA, KANKARIYA CABIN, AHMEDABAD Jn
A44: 15 Jun | B44: 39254 | C44: 19 | D44: 0 | E44: 0 | F44: - | G44: - | H44: - | I44: - | J44: 0 | K44: No | L44: 0 | M44: BAJWA, RANOLI, LC-246, VASAD, ADAS ROAD, VADOD, LC-258, ANAND Jn, LC-264, KANJARI BORIYAVI, UTARSANDA, NADIAD, LC-278, GOTHAJ, LC-286, MAHEMDABAD AND KHEDA ROAD, LC-294, KANIJ, BAREJADI NANDEJ, GERATPUR, VATVA, KANKARIYA CABIN, AHMEDABAD Jn
A45: 15 Jun | B45: 39258 | C45: 17 | D45: 0 | E45: 0 | F45: - | G45: - | H45: - | I45: - | J45: 0 | K45: No | L45: 0 | M45: BAJWA, RANOLI, LC-246, VASAD, ADAS ROAD, VADOD, LC-258, ANAND Jn, LC-264, KANJARI BORIYAVI, UTARSANDA, NADIAD, LC-278, GOTHAJ, LC-286, MAHEMDABAD AND KHEDA ROAD, LC-294, KANIJ, BAREJADI NANDEJ, GERATPUR, VATVA, KANKARIYA CABIN, AHMEDABAD Jn
A46: 15 Jun | B46: 39287 | C46: 462 | D46: 462 | E46: 0 | F46: 360560 | G46: 395920 | H46: - | I46: - | J46: 0 | K46: No | L46: 0 | M46: BAJWA, RANOLI, LC-246, VASAD, ADAS ROAD, VADOD, LC-258, ANAND Jn, LC-264, KANJARI BORIYAVI, UTARSANDA, NADIAD, LC-278, GOTHAJ, LC-286, MAHEMDABAD AND KHEDA ROAD, LC-294, KANIJ, BAREJADI NANDEJ, GERATPUR, VATVA, KANKARIYA CABIN, AHMEDABAD Jn
A47: 15 Jun | B47: 41430 | C47: 225 | D47: 205 | E47: 0 | F47: 2500003 | G47: 2500595 | H47: - | I47: - | J47: 0 | K47: No | L47: 0 | M47: BAJWA, RANOLI, LC-246, VASAD, ADAS ROAD, VADOD, LC-258, ANAND Jn, LC-264, KANJARI BORIYAVI, UTARSANDA, NADIAD, LC-278, GOTHAJ, LC-286, MAHEMDABAD AND KHEDA ROAD, LC-294, KANIJ, BAREJADI NANDEJ, GERATPUR, VATVA, KANKARIYA CABIN, AHMEDABAD Jn
A48: 16 Jun | B48: 30470 | C48: 4794 | D48: 4794 | E48: 4009 | F48: 375037 | G48: 494965 | H48: 400399 | I48: 494312 | J48: =(I48-H48)/1000 | K48: Yes | L48: 23 | M48: - (full trip)
A49: 16 Jun | B49: 37507 | C49: 11576 | D49: 11576 | E49: 9730 | F49: 370443 | G49: 495784 | H49: 400403 | I49: 494310 | J49: =(I49-H49)/1000 | K49: Yes | L49: 23 | M49: - (full trip)
A50: 16 Jun | B50: 39236 | C50: 14624 | D50: 11059 | E50: 9179 | F50: 398188 | G50: 495771 | H50: 400399 | I50: 494311 | J50: =(I50-H50)/1000 | K50: Yes | L50: 23 | M50: - (full trip)
A51: 16 Jun | B51: 30821 | C51: 4714 | D51: 4714 | E51: 3668 | F51: 370255 | G51: 494966 | H51: 400410 | I51: 494312 | J51: =(I51-H51)/1000 | K51: Yes | L51: 23 | M51: - (full trip)
A52: 16 Jun | B52: 39047 | C52: 10010 | D52: 9985 | E52: 8085 | F52: 370073 | G52: 495698 | H52: 400412 | I52: 494312 | J52: =(I52-H52)/1000 | K52: Yes | L52: 23 | M52: - (full trip)
A53: 16 Jun | B53: 39287 | C53: 5022 | D53: 5022 | E53: 4271 | F53: 360724 | G53: 495466 | H53: 400406 | I53: 494310 | J53: =(I53-H53)/1000 | K53: Yes | L53: 23 | M53: - (full trip)
A54: 16 Jun | B54: 30480 | C54: 5612 | D54: 5612 | E54: 4660 | F54: 370366 | G54: 494968 | H54: 400419 | I54: 494312 | J54: =(I54-H54)/1000 | K54: Yes | L54: 23 | M54: - (full trip)
A55: 16 Jun | B55: 30791 | C55: 8954 | D55: 8948 | E55: 7591 | F55: 375235 | G55: 495786 | H55: 400425 | I55: 494311 | J55: =(I55-H55)/1000 | K55: Yes | L55: 23 | M55: - (full trip)
A56: 16 Jun | B56: 37350 | C56: 5045 | D56: 5045 | E56: 3900 | F56: 374397 | G56: 495722 | H56: 400416 | I56: 494308 | J56: =(I56-H56)/1000 | K56: Yes | L56: 23 | M56: - (full trip)
A57: 16 Jun | B57: 37396 | C57: 5804 | D57: 5801 | E57: 4846 | F57: 370277 | G57: 495780 | H57: 400417 | I57: 494302 | J57: =(I57-H57)/1000 | K57: Yes | L57: 23 | M57: - (full trip)
A58: 16 Jun | B58: 37684 | C58: 5136 | D58: 5136 | E58: 3589 | F58: 371393 | G58: 494980 | H58: 400415 | I58: 494310 | J58: =(I58-H58)/1000 | K58: Yes | L58: 23 | M58: - (full trip)
A59: 16 Jun | B59: 39028 | C59: 6175 | D59: 6175 | E59: 5049 | F59: 370210 | G59: 494981 | H59: 400419 | I59: 494312 | J59: =(I59-H59)/1000 | K59: Yes | L59: 23 | M59: - (full trip)
... A82: 16 Jun | B82: 37746 | C82: 1095 | D82: 1068 | E82: 281 | F82: 380713 | G82: 402392 | H82: 400412 | I82: 402392 | J82: =(I82-H82)/1000 | K82: Yes | L82: 1 | M82: RANOLI, LC-246, VASAD, ADAS ROAD, VADOD, LC-258, ANAND Jn, LC-264, KANJARI BORIYAVI, UTARSANDA, NADIAD, LC-278, GOTHAJ, LC-286, MAHEMDABAD AND KHEDA ROAD, LC-294, KANIJ, BAREJADI NANDEJ, GERATPUR, VATVA, KANKARIYA CABIN, AHMEDABAD Jn
A83: 16 Jun | B83: 120850 | C83: 3237 | D83: 3170 | E83: 0 | F83: 510425 | G83: 520095 | H83: - | I83: - | J83: 0 | K83: No | L83: 0 | M83: BAJWA, RANOLI, LC-246, VASAD, ADAS ROAD, VADOD, LC-258, ANAND Jn, LC-264, KANJARI BORIYAVI, UTARSANDA, NADIAD, LC-278, GOTHAJ, LC-286, MAHEMDABAD AND KHEDA ROAD, LC-294, KANIJ, BAREJADI NANDEJ, GERATPUR, VATVA, KANKARIYA CABIN, AHMEDABAD Jn
A84: 16 Jun | B84: 30062 | C84: 9 | D84: 0 | E84: 0 | F84: - | G84: - | H84: - | I84: - | J84: 0 | K84: No | L84: 0 | M84: BAJWA, RANOLI, LC-246, VASAD, ADAS ROAD, VADOD, LC-258, ANAND Jn, LC-264, KANJARI BORIYAVI, UTARSANDA, NADIAD, LC-278, GOTHAJ, LC-286, MAHEMDABAD AND KHEDA ROAD, LC-294, KANIJ, BAREJADI NANDEJ, GERATPUR, VATVA, KANKARIYA CABIN, AHMEDABAD Jn
A85: 16 Jun | B85: 30090 | C85: 72 | D85: 0 | E85: 0 | F85: - | G85: - | H85: - | I85: - | J85: 0 | K85: No | L85: 0 | M85: BAJWA, RANOLI, LC-246, VASAD, ADAS ROAD, VADOD, LC-258, ANAND Jn, LC-264, KANJARI BORIYAVI, UTARSANDA, NADIAD, LC-278, GOTHAJ, LC-286, MAHEMDABAD AND KHEDA ROAD, LC-294, KANIJ, BAREJADI NANDEJ, GERATPUR, VATVA, KANKARIYA CABIN, AHMEDABAD Jn
A86: 16 Jun | B86: 30747 | C86: 1 | D86: 0 | E86: 0 | F86: - | G86: - | H86: - | I86: - | J86: 0 | K86: No | L86: 0 | M86: BAJWA, RANOLI, LC-246, VASAD, ADAS ROAD, VADOD, LC-258, ANAND Jn, LC-264, KANJARI BORIYAVI, UTARSANDA, NADIAD, LC-278, GOTHAJ, LC-286, MAHEMDABAD AND KHEDA ROAD, LC-294, KANIJ, BAREJADI NANDEJ, GERATPUR, VATVA, KANKARIYA CABIN, AHMEDABAD Jn
A87: 16 Jun | B87: 37019 | C87: 6 | D87: 0 | E87: 0 | F87: - | G87: - | H87: - | I87: - | J87: 0 | K87: No | L87: 0 | M87: BAJWA, RANOLI, LC-246, VASAD, ADAS ROAD, VADOD, LC-258, ANAND Jn, LC-264, KANJARI BORIYAVI, UTARSANDA, NADIAD, LC-278, GOTHAJ, LC-286, MAHEMDABAD AND KHEDA ROAD, LC-294, KANIJ, BAREJADI NANDEJ, GERATPUR, VATVA, KANKARIYA CABIN, AHMEDABAD Jn
A88: 16 Jun | B88: 37291 | C88: 4 | D88: 0 | E88: 0 | F88: - | G88: - | H88: - | I88: - | J88: 0 | K88: No | L88: 0 | M88: BAJWA, RANOLI, LC-246, VASAD, ADAS ROAD, VADOD, LC-258, ANAND Jn, LC-264, KANJARI BORIYAVI, UTARSANDA, NADIAD, LC-278, GOTHAJ, LC-286, MAHEMDABAD AND KHEDA ROAD, LC-294, KANIJ, BAREJADI NANDEJ, GERATPUR, VATVA, KANKARIYA CABIN, AHMEDABAD Jn
A89: 16 Jun | B89: 37337 | C89: 288 | D89: 288 | E89: 0 | F89: 370391 | G89: 395200 | H89: - | I89: - | J89: 0 | K89: No | L89: 0 | M89: BAJWA, RANOLI, LC-246, VASAD, ADAS ROAD, VADOD, LC-258, ANAND Jn, LC-264, KANJARI BORIYAVI, UTARSANDA, NADIAD, LC-278, GOTHAJ, LC-286, MAHEMDABAD AND KHEDA ROAD, LC-294, KANIJ, BAREJADI NANDEJ, GERATPUR, VATVA, KANKARIYA CABIN, AHMEDABAD Jn
A90: 16 Jun | B90: 37478 | C90: 6 | D90: 0 | E90: 0 | F90: - | G90: - | H90: - | I90: - | J90: 0 | K90: No | L90: 0 | M90: BAJWA, RANOLI, LC-246, VASAD, ADAS ROAD, VADOD, LC-258, ANAND Jn, LC-264, KANJARI BORIYAVI, UTARSANDA, NADIAD, LC-278, GOTHAJ, LC-286, MAHEMDABAD AND KHEDA ROAD, LC-294, KANIJ, BAREJADI NANDEJ, GERATPUR, VATVA, KANKARIYA CABIN, AHMEDABAD Jn
A91: 16 Jun | B91: 37569 | C91: 13 | D91: 0 | E91: 0 | F91: - | G91: - | H91: - | I91: - | J91: 0 | K91: No | L91: 0 | M91: BAJWA, RANOLI, LC-246, VASAD, ADAS ROAD, VADOD, LC-258, ANAND Jn, LC-264, KANJARI BORIYAVI, UTARSANDA, NADIAD, LC-278, GOTHAJ, LC-286, MAHEMDABAD AND KHEDA ROAD, LC-294, KANIJ, BAREJADI NANDEJ, GERATPUR, VATVA, KANKARIYA CABIN, AHMEDABAD Jn
A92: 16 Jun | B92: 37813 | C92: 425 | D92: 425 | E92: 0 | F92: 370020 | G92: 395930 | H92: - | I92: - | J92: 0 | K92: No | L92: 0 | M92: BAJWA, RANOLI, LC-246, VASAD, ADAS ROAD, VADOD, LC-258, ANAND Jn, LC-264, KANJARI BORIYAVI, UTARSANDA, NADIAD, LC-278, GOTHAJ, LC-286, MAHEMDABAD AND KHEDA ROAD, LC-294, KANIJ, BAREJADI NANDEJ, GERATPUR, VATVA, KANKARIYA CABIN, AHMEDABAD Jn
A93: 16 Jun | B93: 39308 | C93: 51 | D93: 51 | E93: 0 | F93: 361620 | G93: 382879 | H93: - | I93: - | J93: 0 | K93: No | L93: 0 | M93: BAJWA, RANOLI, LC-246, VASAD, ADAS ROAD, VADOD, LC-258, ANAND Jn, LC-264, KANJARI BORIYAVI, UTARSANDA, NADIAD, LC-278, GOTHAJ, LC-286, MAHEMDABAD AND KHEDA ROAD, LC-294, KANIJ, BAREJADI NANDEJ, GERATPUR, VATVA, KANKARIYA CABIN, AHMEDABAD Jn
A94: 16 Jun | B94: 41908 | C94: 16 | D94: 0 | E94: 0 | F94: - | G94: - | H94: - | I94: - | J94: 0 | K94: No | L94: 0 | M94: BAJWA, RANOLI, LC-246, VASAD, ADAS ROAD, VADOD, LC-258, ANAND Jn, LC-264, KANJARI BORIYAVI, UTARSANDA, NADIAD, LC-278, GOTHAJ, LC-286, MAHEMDABAD AND KHEDA ROAD, LC-294, KANIJ, BAREJADI NANDEJ, GERATPUR, VATVA, KANKARIYA CABIN, AHMEDABAD Jn
A95: 16 Jun | B95: 43881 | C95: 6 | D95: 0 | E95: 0 | F95: - | G95: - | H95: - | I95: - | J95: 0 | K95: No | L95: 0 | M95: BAJWA, RANOLI, LC-246, VASAD, ADAS ROAD, VADOD, LC-258, ANAND Jn, LC-264, KANJARI BORIYAVI, UTARSANDA, NADIAD, LC-278, GOTHAJ, LC-286, MAHEMDABAD AND KHEDA ROAD, LC-294, KANIJ, BAREJADI NANDEJ, GERATPUR, VATVA, KANKARIYA CABIN, AHMEDABAD Jn
A96: 17 Jun | B96: 37884 | C96: 6425 | D96: 6425 | E96: 5326 | F96: 375189 | G96: 494966 | H96: 400401 | I96: 494311 | J96: =(I96-H96)/1000 | K96: Yes | L96: 23 | M96: - (full trip)
A97: 17 Jun | B97: 39260 | C97: 7027 | D97: 7027 | E97: 4870 | F97: 368399 | G97: 495807 | H97: 400399 | I97: 494309 | J97: =(I97-H97)/1000 | K97: Yes | L97: 23 | M97: - (full trip)
A98: 17 Jun | B98: 30470 | C98: 4763 | D98: 4763 | E98: 4026 | F98: 370442 | G98: 495803 | H98: 400411 | I98: 494312 | J98: =(I98-H98)/1000 | K98: Yes | L98: 23 | M98: - (full trip)
A99: 17 Jun | B99: 30664 | C99: 2061 | D99: 2055 | E99: 1696 | F99: 170920 | G99: 495736 | H99: 400399 | I99: 494301 | J99: =(I99-H99)/1000 | K99: Yes | L99: 23 | M99: - (full trip)
A100: 17 Jun | B100: 37087 | C100: 8062 | D100: 8062 | E100: 6433 | F100: 367661 | G100: 495597 | H100: 400407 | I100: 494311 | J100: =(I100-H100)/1000 | K100: Yes | L100: 23 | M100: - (full trip)
A101: 17 Jun | B101: 37277 | C101: 10219 | D101: 10219 | E101: 8403 | F101: 368129 | G101: 495807 | H101: 400410 | I101: 494312 | J101: =(I101-H101)/1000 | K101: Yes | L101: 23 | M101: - (full trip)
A102: 17 Jun | B102: 37350 | C102: 8682 | D102: 8682 | E102: 7145 | F102: 374751 | G102: 495822 | H102: 400412 | I102: 494312 | J102: =(I102-H102)/1000 | K102: Yes | L102: 23 | M102: - (full trip)
A103: 17 Jun | B103: 39066 | C103: 6029 | D103: 6029 | E103: 4877 | F103: 374194 | G103: 494981 | H103: 400408 | I103: 494312 | J103: =(I103-H103)/1000 | K103: Yes | L103: 23 | M103: - (full trip)
A104: 17 Jun | B104: 39131 | C104: 5580 | D104: 5580 | E104: 4289 | F104: 370437 | G104: 495009 | H104: 400408 | I104: 494312 | J104: =(I104-H104)/1000 | K104: Yes | L104: 23 | M104: - (full trip)
A105: 17 Jun | B105: 39236 | C105: 5029 | D105: 5029 | E105: 4106 | F105: 370047 | G105: 494947 | H105: 400409 | I105: 494311 | J105: =(I105-H105)/1000 | K105: Yes | L105: 23 | M105: - (full trip)
A106: 17 Jun | B106: 30314 | C106: 4486 | D106: 4486 | E106: 3654 | F106: 380727 | G106: 494968 | H106: 400420 | I106: 494312 | J106: =(I106-H106)/1000 | K106: Yes | L106: 23 | M106: - (full trip)
A107: 17 Jun | B107: 39412 | C107: 5448 | D107: 5420 | E107: 4182 | F107: 375638 | G107: 494973 | H107: 400416 | I107: 494311 | J107: =(I107-H107)/1000 | K107: Yes | L107: 23 | M107: - (full trip)
... A133: 17 Jun | B133: 41878 | C133: 800 | D133: 675 | E133: 144 | F133: 486047 | G133: 2500602 | H133: 486047 | I133: 486462 | J133: =(I133-H133)/1000 | K133: Yes | L133: 1 | M133: BAJWA, RANOLI, LC-246, VASAD, ADAS ROAD, VADOD, LC-258, ANAND Jn, LC-264, KANJARI BORIYAVI, UTARSANDA, NADIAD, LC-278, GOTHAJ, LC-286, MAHEMDABAD AND KHEDA ROAD, LC-294, KANIJ, BAREJADI NANDEJ, GERATPUR, KANKARIYA CABIN, AHMEDABAD Jn
A134: 17 Jun | B134: 120850 | C134: 7317 | D134: 7277 | E134: 0 | F134: 510423 | G134: 520101 | H134: - | I134: - | J134: 0 | K134: No | L134: 0 | M134: BAJWA, RANOLI, LC-246, VASAD, ADAS ROAD, VADOD, LC-258, ANAND Jn, LC-264, KANJARI BORIYAVI, UTARSANDA, NADIAD, LC-278, GOTHAJ, LC-286, MAHEMDABAD AND KHEDA ROAD, LC-294, KANIJ, BAREJADI NANDEJ, GERATPUR, VATVA, KANKARIYA CABIN, AHMEDABAD Jn
A135: 17 Jun | B135: 30065 | C135: 12 | D135: 0 | E135: 0 | F135: - | G135: - | H135: - | I135: - | J135: 0 | K135: No | L135: 0 | M135: BAJWA, RANOLI, LC-246, VASAD, ADAS ROAD, VADOD, LC-258, ANAND Jn, LC-264, KANJARI BORIYAVI, UTARSANDA, NADIAD, LC-278, GOTHAJ, LC-286, MAHEMDABAD AND KHEDA ROAD, LC-294, KANIJ, BAREJADI NANDEJ, GERATPUR, VATVA, KANKARIYA CABIN, AHMEDABAD Jn
A136: 17 Jun | B136: 30080 | C136: 12 | D136: 0 | E136: 0 | F136: - | G136: - | H136: - | I136: - | J136: 0 | K136: No | L136: 0 | M136: BAJWA, RANOLI, LC-246, VASAD, ADAS ROAD, VADOD, LC-258, ANAND Jn, LC-264, KANJARI BORIYAVI, UTARSANDA, NADIAD, LC-278, GOTHAJ, LC-286, MAHEMDABAD AND KHEDA ROAD, LC-294, KANIJ, BAREJADI NANDEJ, GERATPUR, VATVA, KANKARIYA CABIN, AHMEDABAD Jn
A137: 17 Jun | B137: 30153 | C137: 63 | D137: 0 | E137: 0 | F137: - | G137: - | H137: - | I137: - | J137: 0 | K137: No | L137: 0 | M137: BAJWA, RANOLI, LC-246, VASAD, ADAS ROAD, VADOD, LC-258, ANAND Jn, LC-264, KANJARI BORIYAVI, UTARSANDA, NADIAD, LC-278, GOTHAJ, LC-286, MAHEMDABAD AND KHEDA ROAD, LC-294, KANIJ, BAREJADI NANDEJ, GERATPUR, VATVA, KANKARIYA CABIN, AHMEDABAD Jn
A138: 17 Jun | B138: 30177 | C138: 1 | D138: 0 | E138: 0 | F138: - | G138: - | H138: - | I138: - | J138: 0 | K138: No | L138: 0 | M138: BAJWA, RANOLI, LC-246, VASAD, ADAS ROAD, VADOD, LC-258, ANAND Jn, LC-264, KANJARI BORIYAVI, UTARSANDA, NADIAD, LC-278, GOTHAJ, LC-286, MAHEMDABAD AND KHEDA ROAD, LC-294, KANIJ, BAREJADI NANDEJ, GERATPUR, VATVA, KANKARIYA CABIN, AHMEDABAD Jn
A139: 17 Jun | B139: 30767 | C139: 382 | D139: 382 | E139: 0 | F139: 370037 | G139: 395931 | H139: - | I139: - | J139: 0 | K139: No | L139: 0 | M139: BAJWA, RANOLI, LC-246, VASAD, ADAS ROAD, VADOD, LC-258, ANAND Jn, LC-264, KANJARI BORIYAVI, UTARSANDA, NADIAD, LC-278, GOTHAJ, LC-286, MAHEMDABAD AND KHEDA ROAD, LC-294, KANIJ, BAREJADI NANDEJ, GERATPUR, VATVA, KANKARIYA CABIN, AHMEDABAD Jn
A140: 17 Jun | B140: 31384 | C140: 948 | D140: 809 | E140: 0 | F140: 2500010 | G140: 2500602 | H140: - | I140: - | J140: 0 | K140: No | L140: 0 | M140: BAJWA, RANOLI, LC-246, VASAD, ADAS ROAD, VADOD, LC-258, ANAND Jn, LC-264, KANJARI BORIYAVI, UTARSANDA, NADIAD, LC-278, GOTHAJ, LC-286, MAHEMDABAD AND KHEDA ROAD, LC-294, KANIJ, BAREJADI NANDEJ, GERATPUR, VATVA, KANKARIYA CABIN, AHMEDABAD Jn
A141: 17 Jun | B141: 37207 | C141: 12 | D141: 0 | E141: 0 | F141: - | G141: - | H141: - | I141: - | J141: 0 | K141: No | L141: 0 | M141: BAJWA, RANOLI, LC-246, VASAD, ADAS ROAD, VADOD, LC-258, ANAND Jn, LC-264, KANJARI BORIYAVI, UTARSANDA, NADIAD, LC-278, GOTHAJ, LC-286, MAHEMDABAD AND KHEDA ROAD, LC-294, KANIJ, BAREJADI NANDEJ, GERATPUR, VATVA, KANKARIYA CABIN, AHMEDABAD Jn
A142: 17 Jun | B142: 37316 | C142: 663 | D142: 663 | E142: 0 | F142: 361279 | G142: 395919 | H142: - | I142: - | J142: 0 | K142: No | L142: 0 | M142: BAJWA, RANOLI, LC-246, VASAD, ADAS ROAD, VADOD, LC-258, ANAND Jn, LC-264, KANJARI BORIYAVI, UTARSANDA, NADIAD, LC-278, GOTHAJ, LC-286, MAHEMDABAD AND KHEDA ROAD, LC-294, KANIJ, BAREJADI NANDEJ, GERATPUR, VATVA, KANKARIYA CABIN, AHMEDABAD Jn
A143: 17 Jun | B143: 37830 | C143: 5 | D143: 0 | E143: 0 | F143: - | G143: - | H143: - | I143: - | J143: 0 | K143: No | L143: 0 | M143: BAJWA, RANOLI, LC-246, VASAD, ADAS ROAD, VADOD, LC-258, ANAND Jn, LC-264, KANJARI BORIYAVI, UTARSANDA, NADIAD, LC-278, GOTHAJ, LC-286, MAHEMDABAD AND KHEDA ROAD, LC-294, KANIJ, BAREJADI NANDEJ, GERATPUR, VATVA, KANKARIYA CABIN, AHMEDABAD Jn
A144: 17 Jun | B144: 39047 | C144: 93 | D144: 93 | E144: 0 | F144: 380553 | G144: 395195 | H144: - | I144: - | J144: 0 | K144: No | L144: 0 | M144: BAJWA, RANOLI, LC-246, VASAD, ADAS ROAD, VADOD, LC-258, ANAND Jn, LC-264, KANJARI BORIYAVI, UTARSANDA, NADIAD, LC-278, GOTHAJ, LC-286, MAHEMDABAD AND KHEDA ROAD, LC-294, KANIJ, BAREJADI NANDEJ, GERATPUR, VATVA, KANKARIYA CABIN, AHMEDABAD Jn
A145: 17 Jun | B145: 39089 | C145: 162 | D145: 0 | E145: 0 | F145: - | G145: - | H145: - | I145: - | J145: 0 | K145: No | L145: 0 | M145: BAJWA, RANOLI, LC-246, VASAD, ADAS ROAD, VADOD, LC-258, ANAND Jn, LC-264, KANJARI BORIYAVI, UTARSANDA, NADIAD, LC-278, GOTHAJ, LC-286, MAHEMDABAD AND KHEDA ROAD, LC-294, KANIJ, BAREJADI NANDEJ, GERATPUR, VATVA, KANKARIYA CABIN, AHMEDABAD Jn
A146: 17 Jun | B146: 39115 | C146: 1 | D146: 0 | E146: 0 | F146: - | G146: - | H146: - | I146: - | J146: 0 | K146: No | L146: 0 | M146: BAJWA, RANOLI, LC-246, VASAD, ADAS ROAD, VADOD, LC-258, ANAND Jn, LC-264, KANJARI BORIYAVI, UTARSANDA, NADIAD, LC-278, GOTHAJ, LC-286, MAHEMDABAD AND KHEDA ROAD, LC-294, KANIJ, BAREJADI NANDEJ, GERATPUR, VATVA, KANKARIYA CABIN, AHMEDABAD Jn
A147: 17 Jun | B147: 39126 | C147: 6 | D147: 0 | E147: 0 | F147: - | G147: - | H147: - | I147: - | J147: 0 | K147: No | L147: 0 | M147: BAJWA, RANOLI, LC-246, VASAD, ADAS ROAD, VADOD, LC-258, ANAND Jn, LC-264, KANJARI BORIYAVI, UTARSANDA, NADIAD, LC-278, GOTHAJ, LC-286, MAHEMDABAD AND KHEDA ROAD, LC-294, KANIJ, BAREJADI NANDEJ, GERATPUR, VATVA, KANKARIYA CABIN, AHMEDABAD Jn
A148: 17 Jun | B148: 39258 | C148: 528 | D148: 528 | E148: 0 | F148: 368114 | G148: 395851 | H148: - | I148: - | J148: 0 | K148: No | L148: 0 | M148: BAJWA, RANOLI, LC-246, VASAD, ADAS ROAD, VADOD, LC-258, ANAND Jn, LC-264, KANJARI BORIYAVI, UTARSANDA, NADIAD, LC-278, GOTHAJ, LC-286, MAHEMDABAD AND KHEDA ROAD, LC-294, KANIJ, BAREJADI NANDEJ, GERATPUR, VATVA, KANKARIYA CABIN, AHMEDABAD Jn
A149: 17 Jun | B149: 39493 | C149: 3 | D149: 2 | E149: 0 | F149: 494768 | G149: 494776 | H149: - | I149: - | J149: 0 | K149: No | L149: 0 | M149: BAJWA, RANOLI, LC-246, VASAD, ADAS ROAD, VADOD, LC-258, ANAND Jn, LC-264, KANJARI BORIYAVI, UTARSANDA, NADIAD, LC-278, GOTHAJ, LC-286, MAHEMDABAD AND KHEDA ROAD, LC-294, KANIJ, BAREJADI NANDEJ, GERATPUR, VATVA, KANKARIYA CABIN, AHMEDABAD Jn
A150: 17 Jun | B150: 41430 | C150: 17 | D150: 0 | E150: 0 | F150: - | G150: - | H150: - | I150: - | J150: 0 | K150: No | L150: 0 | M150: BAJWA, RANOLI, LC-246, VASAD, ADAS ROAD, VADOD, LC-258, ANAND Jn, LC-264, KANJARI BORIYAVI, UTARSANDA, NADIAD, LC-278, GOTHAJ, LC-286, MAHEMDABAD AND KHEDA ROAD, LC-294, KANIJ, BAREJADI NANDEJ, GERATPUR, VATVA, KANKARIYA CABIN, AHMEDABAD Jn
A151: 17 Jun | B151: 42229 | C151: 6 | D151: 0 | E151: 0 | F151: - | G151: - | H151: - | I151: - | J151: 0 | K151: No | L151: 0 | M151: BAJWA, RANOLI, LC-246, VASAD, ADAS ROAD, VADOD, LC-258, ANAND Jn, LC-264, KANJARI BORIYAVI, UTARSANDA, NADIAD, LC-278, GOTHAJ, LC-286, MAHEMDABAD AND KHEDA ROAD, LC-294, KANIJ, BAREJADI NANDEJ, GERATPUR, VATVA, KANKARIYA CABIN, AHMEDABAD Jn
A152: 17 Jun | B152: 43881 | C152: 14 | D152: 0 | E152: 0 | F152: - | G152: - | H152: - | I152: - | J152: 0 | K152: No | L152: 0 | M152: BAJWA, RANOLI, LC-246, VASAD, ADAS ROAD, VADOD, LC-258, ANAND Jn, LC-264, KANJARI BORIYAVI, UTARSANDA, NADIAD, LC-278, GOTHAJ, LC-286, MAHEMDABAD AND KHEDA ROAD, LC-294, KANIJ, BAREJADI NANDEJ, GERATPUR, VATVA, KANKARIYA CABIN, AHMEDABAD Jn
A153: 17 Jun | B153: 51347 | C153: 5 | D153: 0 | E153: 0 | F153: - | G153: - | H153: - | I153: - | J153: 0 | K153: No | L153: 0 | M153: BAJWA, RANOLI, LC-246, VASAD, ADAS ROAD, VADOD, LC-258, ANAND Jn, LC-264, KANJARI BORIYAVI, UTARSANDA, NADIAD, LC-278, GOTHAJ, LC-286, MAHEMDABAD AND KHEDA ROAD, LC-294, KANIJ, BAREJADI NANDEJ, GERATPUR, VATVA, KANKARIYA CABIN, AHMEDABAD Jn
A154: 18 Jun | B154: 30460 | C154: 9606 | D154: 9583 | E154: 8284 | F154: 375623 | G154: 495630 | H154: 400399 | I154: 494311 | J154: =(I154-H154)/1000 | K154: Yes | L154: 23 | M154: - (full trip)
A155: 18 Jun | B155: 30531 | C155: 10398 | D155: 10398 | E155: 8485 | F155: 369924 | G155: 495806 | H155: 400406 | I155: 494311 | J155: =(I155-H155)/1000 | K155: Yes | L155: 23 | M155: - (full trip)
A156: 18 Jun | B156: 37339 | C156: 6296 | D156: 6296 | E156: 5199 | F156: 360597 | G156: 495725 | H156: 400400 | I156: 494312 | J156: =(I156-H156)/1000 | K156: Yes | L156: 23 | M156: - (full trip)
A157: 18 Jun | B157: 37453 | C157: 5061 | D157: 5061 | E157: 3795 | F157: 360708 | G157: 494983 | H157: 400412 | I157: 494312 | J157: =(I157-H157)/1000 | K157: Yes | L157: 23 | M157: - (full trip)
A158: 18 Jun | B158: 37577 | C158: 6162 | D158: 6162 | E158: 5040 | F158: 359336 | G158: 495753 | H158: 400409 | I158: 494309 | J158: =(I158-H158)/1000 | K158: Yes | L158: 23 | M158: - (full trip)
A159: 18 Jun | B159: 39235 | C159: 4546 | D159: 4529 | E159: 3518 | F159: 367981 | G159: 494968 | H159: 400409 | I159: 494310 | J159: =(I159-H159)/1000 | K159: Yes | L159: 23 | M159: - (full trip)
A160: 18 Jun | B160: 39259 | C160: 4671 | D160: 4671 | E160: 3618 | F160: 370062 | G160: 494944 | H160: 400407 | I160: 494310 | J160: =(I160-H160)/1000 | K160: Yes | L160: 23 | M160: - (full trip)
A161: 18 Jun | B161: 39311 | C161: 9777 | D161: 9777 | E161: 8053 | F161: 370125 | G161: 495707 | H161: 400409 | I161: 494311 | J161: =(I161-H161)/1000 | K161: Yes | L161: 23 | M161: - (full trip)
A162: 18 Jun | B162: 30153 | C162: 5012 | D162: 5012 | E162: 4100 | F162: 370167 | G162: 494965 | H162: 400421 | I162: 494312 | J162: =(I162-H162)/1000 | K162: Yes | L162: 23 | M162: - (full trip)
A163: 18 Jun | B163: 30173 | C163: 5286 | D163: 5286 | E163: 4479 | F163: 370088 | G163: 495956 | H163: 400412 | I163: 494307 | J163: =(I163-H163)/1000 | K163: Yes | L163: 23 | M163: - (full trip)
A164: 18 Jun | B164: 30606 | C164: 5274 | D164: 5274 | E164: 4242 | F164: 369908 | G164: 495807 | H164: 400414 | I164: 494308 | J164: =(I164-H164)/1000 | K164: Yes | L164: 23 | M164: - (full trip)
A165: 18 Jun | B165: 37505 | C165: 3791 | D165: 3791 | E165: 3190 | F165: 363290 | G165: 495471 | H165: 400426 | I165: 494312 | J165: =(I165-H165)/1000 | K165: Yes | L165: 23 | M165: - (full trip)
... A183: 18 Jun | B183: 55555 | C183: 9 | D183: 9 | E183: 9 | F183: 442356 | G183: 442388 | H183: 442356 | I183: 442388 | J183: =(I183-H183)/1000 | K183: Yes | L183: 1 | M183: BAJWA, RANOLI, LC-246, VASAD, ADAS ROAD, VADOD, LC-258, ANAND Jn, LC-264, KANJARI BORIYAVI, NADIAD, LC-278, GOTHAJ, LC-286, MAHEMDABAD AND KHEDA ROAD, LC-294, KANIJ, BAREJADI NANDEJ, GERATPUR, VATVA, KANKARIYA CABIN, AHMEDABAD Jn
A184: 18 Jun | B184: 120850 | C184: 6175 | D184: 6064 | E184: 0 | F184: 510424 | G184: 773554 | H184: - | I184: - | J184: 0 | K184: No | L184: 0 | M184: BAJWA, RANOLI, LC-246, VASAD, ADAS ROAD, VADOD, LC-258, ANAND Jn, LC-264, KANJARI BORIYAVI, UTARSANDA, NADIAD, LC-278, GOTHAJ, LC-286, MAHEMDABAD AND KHEDA ROAD, LC-294, KANIJ, BAREJADI NANDEJ, GERATPUR, VATVA, KANKARIYA CABIN, AHMEDABAD Jn
A185: 18 Jun | B185: 30787 | C185: 1 | D185: 0 | E185: 0 | F185: - | G185: - | H185: - | I185: - | J185: 0 | K185: No | L185: 0 | M185: BAJWA, RANOLI, LC-246, VASAD, ADAS ROAD, VADOD, LC-258, ANAND Jn, LC-264, KANJARI BORIYAVI, UTARSANDA, NADIAD, LC-278, GOTHAJ, LC-286, MAHEMDABAD AND KHEDA ROAD, LC-294, KANIJ, BAREJADI NANDEJ, GERATPUR, VATVA, KANKARIYA CABIN, AHMEDABAD Jn
A186: 18 Jun | B186: 37471 | C186: 696 | D186: 680 | E186: 0 | F186: 369727 | G186: 399094 | H186: - | I186: - | J186: 0 | K186: No | L186: 0 | M186: BAJWA, RANOLI, LC-246, VASAD, ADAS ROAD, VADOD, LC-258, ANAND Jn, LC-264, KANJARI BORIYAVI, UTARSANDA, NADIAD, LC-278, GOTHAJ, LC-286, MAHEMDABAD AND KHEDA ROAD, LC-294, KANIJ, BAREJADI NANDEJ, GERATPUR, VATVA, KANKARIYA CABIN, AHMEDABAD Jn
...

Sheet Methodology
B1: Methodology
B3: Excluded | C3: Loco-days with 0 km in the section (abs never inside the section, i.e. no section travel) are dropped from the report, unless they completed a trip.
B4: No of Trips | C4: A direction-run covering within 5 km of its line length (DN 93.91 / UP 93.91 km) = one FULL trip; out-and-back = 2. A loco with >=1 full trip is 'valid' (its EBs count as Valid). KM Verification lists each loco-day's stations passed / not passed.
B5: Total KMs Run on Kavach | C5: Section coverage per loco = how far it travelled across the section = (max - min) of its abs within the section limits (400398-494312). Capped at the section length; 0 if the loco never reported inside the section.
B6: Availability (FS+OS) | C6: Packets in FS or OnSight ÷ all packets (all modes) × 100.
B7: Total EB | C7: EB events in LReg brake status; one continuous hold = 1 (lost-packet gaps bridged, new event only at a real release). Split into Valid (trip locos) / Non-Valid.
B8: Mode Degradation | C8: FS→Trip/LS/SR/Standby & OS→SR/Standby (every transition). Excluded: start-of-mission/re-init SR, NonLeading→SR, FS→SR at 0 km/h, boundary-station re-init (917-reverse).
B9: EB diagnostics | C9: Speed at EB + flag a PG issue only if it jumps >=6 km/h vs the IMMEDIATELY preceding packet AND that packet is within 2 s of the EB (if the previous packet was lost, no PG flag); MA from SReg 'MA wrt Sig' + flag drop >500; Emergency from LReg.
B10: Ratios | C10: per Trip=÷Trips; per KM=÷KM; per 100 KM=÷KM×100; per Trip per 1000 KM=÷(Trips×KM/1000); per Trip per 100 KM=÷(Trips×KM/100).
